<?xml version='1.0'?>
<home version='6000' exportFlags='17' name='Model.sh3d' camera='topCamera' wallHeight='250.0'>
  <environment groundColor='00A8A8A8' skyColor='00CCE4FC' lightColor='00BCBCBC'/>
  <observerCamera attribute='observerCamera' lens='PINHOLE' x='340.19952' y='536.7825' z='170.0' yaw='2.2980807' pitch='0.76420367' fieldOfView='1.0995575' time='1589112000000'/>
  <camera attribute='topCamera' lens='PINHOLE' x='771.8727' y='1678.9993' z='1373.4615' yaw='116.40786' pitch='0.85079706' fieldOfView='1.0995575' time='1589112000000'/>
  <doorOrWindow catalogId='eTeks#openDoor' name='Open door' creator='eTeks' model='2' x='484.2173' y='837.5664' angle='1.5707964' width='91.5' depth='68.0' height='208.5' modelMirrored='true' modelSize='14055' movable='false' cutOutShape='M0,0 v1 h1 v-1 z' wallCutOutOnBothSides='true'>
    <texture name='Poplar' creator='Emmanuel Puybaret' width='40.0' height='80.0' image='3'/>
  </doorOrWindow>
  <doorOrWindow catalogId='eTeks#openDoor' name='Open door' creator='eTeks' model='2' x='487.42224' y='968.7123' angle='1.5707964' width='80.0' depth='59.453552' height='208.5' modelSize='14055' movable='false' cutOutShape='M0,0 v1 h1 v-1 z' wallCutOutOnBothSides='true'>
    <texture name='Poplar' creator='Emmanuel Puybaret' width='40.0' height='80.0' image='3'/>
  </doorOrWindow>
  <doorOrWindow catalogId='eTeks#openDoor' name='Open door' creator='eTeks' model='2' x='1050.0674' y='334.2258' angle='4.712389' width='91.5' depth='68.0' height='208.5' modelMirrored='true' modelSize='14055' movable='false' cutOutShape='M0,0 v1 h1 v-1 z' wallCutOutOnBothSides='true'>
    <texture name='Poplar' creator='Emmanuel Puybaret' width='40.0' height='80.0' image='3'/>
  </doorOrWindow>
  <doorOrWindow catalogId='Kator Legaz#exterior-door-05' name='Exterior door' creator='Kator Legaz' model='5/exterior-door-05.obj' x='603.0954' y='1082.8695' angle='3.1415927' width='99.0' depth='30.834084' height='205.0' modelSize='119396' movable='false' cutOutShape='M0,0 v1 h1 v-1 z' wallCutOutOnBothSides='true'/>
  <doorOrWindow catalogId='eTeks#window85x123' name='Small window' creator='eTeks' model='7' x='661.8037' y='245.08351' elevation='87.0' angle='3.1415927' width='127.0' depth='40.80075' height='134.0' modelSize='9333' movable='false' cutOutShape='M0,0 v1 h1 v-1 z' wallCutOutOnBothSides='true'/>
  <doorOrWindow catalogId='OlaKristianHoff#door_window_thick_double' name='Double door window' creator='Ola-Kristian Hoff' model='9/door_window_thick_double.obj' x='341.7105' y='403.26627' elevation='11.0' angle='1.7484555E-7' width='160.0' depth='35.38537' height='210.0' modelSize='18336' movable='false' cutOutShape='M0,0 v1 h1 v-1 z' wallCutOutOnBothSides='true'/>
  <doorOrWindow catalogId='OlaKristianHoff#door_window_thick_double' name='Double door window' creator='Ola-Kristian Hoff' model='9/door_window_thick_double.obj' x='805.3037' y='253.1758' elevation='11.0' angle='1.7484555E-7' width='160.0' depth='35.38537' height='210.0' modelSize='18336' movable='false' cutOutShape='M0,0 v1 h1 v-1 z' wallCutOutOnBothSides='true'/>
  <doorOrWindow catalogId='eTeks#window85x123' name='Small window' creator='eTeks' model='7' x='1515.961' y='714.0559' elevation='87.0' angle='4.712389' width='80.0' depth='40.80075' height='134.0' modelSize='9333' movable='false' cutOutShape='M0,0 v1 h1 v-1 z' wallCutOutOnBothSides='true'/>
  <doorOrWindow catalogId='eTeks#fixedWindow85x123' name='Fixed window' creator='eTeks' model='11' x='1616.6832' y='240.15834' elevation='87.0' angle='1.7484555E-7' width='100.0' depth='30.00075' height='134.0' modelSize='2198' movable='false' cutOutShape='M0,0 v1 h1 v-1 z' wallCutOutOnBothSides='true'/>
  <doorOrWindow catalogId='OlaKristianHoff#door_window_thick_double' name='Double door window' creator='Ola-Kristian Hoff' model='9/door_window_thick_double.obj' x='1507.8688' y='521.65045' elevation='11.0' angle='1.5707964' width='160.0' depth='35.38537' height='210.0' modelSize='18336' movable='false' cutOutShape='M0,0 v1 h1 v-1 z' wallCutOutOnBothSides='true'/>
  <furnitureGroup name='Group -1-' x='314.74817' y='586.35846' angle='4.712389' width='234.8092' depth='200.0' height='76.5'>
    <pieceOfFurniture catalogId='Blend Swap CC-0#bedsideTable2' name='Bedside table' creator='Nhumrod' model='13/bedsideTable2.obj' x='238.79816' y='493.25385' angle='4.712389' width='48.600002' depth='48.100002' height='45.4' modelSize='39241'/>
    <pieceOfFurniture catalogId='Blend Swap CC-0#bedsideTable2' name='Bedside table' creator='Nhumrod' model='13/bedsideTable2.obj' x='238.79816' y='679.4631' angle='4.712389' width='48.600002' depth='48.100002' height='45.4' modelSize='39241'/>
    <pieceOfFurniture catalogId='Blend Swap CC-0#bedWithTexture' name='Bed' creator='Nhumrod' model='15/bedWithTexture.obj' x='314.74817' y='584.9705' angle='4.712389' width='160.0' depth='200.0' height='76.5' modelSize='2024020'/>
  </furnitureGroup>
  <pieceOfFurniture catalogId='Scopia#wall-flat-tv' name='Wall flat TV' creator='Scopia' model='17/wall-flat-tv.obj' x='504.26697' y='578.9808' elevation='100.0' angle='1.5707964' width='102.8' depth='10.900001' height='65.9' modelSize='36766'/>
  <furnitureGroup name='Group -1-' x='1290.9081' y='355.16135' angle='1.7484555E-7' width='234.8092' depth='200.00609' height='76.5'>
    <pieceOfFurniture catalogId='Blend Swap CC-0#bedsideTable2' name='Bedside table' creator='Nhumrod' model='13/bedsideTable2.obj' x='1384.0128' y='279.2146' angle='1.7484555E-7' width='48.600002' depth='48.100002' height='45.4' modelSize='39241'/>
    <pieceOfFurniture catalogId='Blend Swap CC-0#bedsideTable2' name='Bedside table' creator='Nhumrod' model='13/bedsideTable2.obj' x='1197.8036' y='279.2083' angle='1.7484555E-7' width='48.600002' depth='48.100002' height='45.4' modelSize='39241'/>
    <pieceOfFurniture catalogId='Blend Swap CC-0#bedWithTexture' name='Bed' creator='Nhumrod' model='15/bedWithTexture.obj' x='1292.2961' y='355.1644' angle='1.7484555E-7' width='160.0' depth='200.0' height='76.5' modelSize='2024020'/>
  </furnitureGroup>
  <pieceOfFurniture catalogId='Scopia#wall-flat-tv' name='Wall flat TV' creator='Scopia' model='17/wall-flat-tv.obj' x='1320.0114' y='616.61505' elevation='100.0' angle='3.1415927' width='90.0' depth='9.542801' height='63.7' modelSize='36766'/>
  <pieceOfFurniture catalogId='OlaKristianHoff#washer_dryer' name='Washer dryer' creator='Ola-Kristian Hoff' model='19/washer_dryer.obj' x='479.96692' y='1045.786' angle='3.1415927' width='59.5' depth='55.0' height='85.0' modelSize='81910'/>
  <pieceOfFurniture catalogId='LucaPresidente#mobilettoSpecchioBlu' name='Mirror' creator='LucaPresidente' model='21/mobilettoSpecchioBlu.obj' x='408.54434' y='1067.036' elevation='110.0' angle='3.1415927' width='70.0' depth='12.5' height='60.0' modelMirrored='true' modelSize='42140'/>
  <pieceOfFurniture catalogId='LucaPresidente#mobilettoLavaboWenge' name='Washbasin with cabinet' creator='LucaPresidente' model='23/mobilettoLavaboWenge.obj' x='1267.771' y='827.2158' angle='3.1415927' width='116.0' depth='40.0' height='101.3' modelMirrored='true' modelSize='352939'/>
  <pieceOfFurniture catalogId='LucaPresidente#mobilettoSpecchioBlu' name='Mirror' creator='LucaPresidente' model='21/mobilettoSpecchioBlu.obj' x='1268.271' y='841.4658' elevation='110.0' angle='3.1415927' width='115.0' depth='11.5' height='60.0' modelMirrored='true' modelSize='42140'/>
  <pieceOfFurniture catalogId='eTeks#toiletUnit' name='Toilet unit' creator='eTeks' model='25' x='1249.4364' y='681.7582' angle='1.7484555E-7' width='40.0' depth='80.0' height='62.0' modelSize='125874' movable='false'/>
  <pieceOfFurniture catalogId='eTeks#bath' name='Bath' creator='eTeks' model='27' x='1459.061' y='742.38727' angle='1.5707964' width='163.0' depth='73.0' height='57.0' modelRotation='0 0 -1 0 1 0 1 0 0' modelSize='139580' movable='false'/>
  <pieceOfFurniture catalogId='Scopia#silla_teca' name='Teck chair' creator='Scopia' model='29/silla_teca.obj' x='254.78731' y='329.6284' angle='3.1415927' width='49.5' depth='57.600002' height='84.0' modelRotation='0 0 -1 0 1 0 1 0 0' modelSize='28947'/>
  <pieceOfFurniture catalogId='Pencilart#table_footrest' name='Table' creator='Pencilart' model='31/table.obj' x='293.05383' y='248.74854' angle='1.5707964' width='75.0' depth='126.0' height='32.5' modelSize='9116'/>
  <pieceOfFurniture catalogId='Scopia#silla_teca' name='Teck chair' creator='Scopia' model='29/silla_teca.obj' x='398.34247' y='250.30951' angle='1.5707964' width='49.5' depth='57.600002' height='84.0' modelRotation='0 0 -1 0 1 0 1 0 0' modelSize='28947'/>
  <pieceOfFurniture catalogId='Scopia#silla_teca' name='Teck chair' creator='Scopia' model='29/silla_teca.obj' x='323.73264' y='333.43503' angle='3.1415927' width='49.5' depth='57.600002' height='84.0' modelMirrored='true' modelRotation='0 0 -1 0 1 0 1 0 0' modelSize='28947'/>
  <pieceOfFurniture catalogId='Scopia#silla_teca' name='Teck chair' creator='Scopia' model='29/silla_teca.obj' x='320.27823' y='162.6637' width='49.5' depth='57.600002' height='84.0' modelMirrored='true' modelRotation='0 0 -1 0 1 0 1 0 0' modelSize='28947'/>
  <pieceOfFurniture catalogId='Sophie#barbecue' name='Barbecue' creator='Sophie' model='33/barbecue.obj' x='256.9586' y='146.21165' angle='5.4977875' width='39.2' depth='48.4' height='50.9' modelSize='122119'/>
  <pieceOfFurniture catalogId='Blend Swap CC-0#decorativePlant' name='Decorative plant' creator='MZiemys' model='35/decorativePlant.obj' x='465.0275' y='355.47394' angle='3.1415927' width='55.9' depth='60.2' height='103.1' modelSize='2077347'/>
  <pieceOfFurniture catalogId='Scopia#silla_teca' name='Teck chair' creator='Scopia' model='29/silla_teca.obj' x='1572.9875' y='413.15677' angle='4.712389' width='49.5' depth='57.600002' height='84.0' modelRotation='0 0 -1 0 1 0 1 0 0' modelSize='28947'/>
  <pieceOfFurniture catalogId='Scopia#silla_teca' name='Teck chair' creator='Scopia' model='29/silla_teca.obj' x='1572.9875' y='335.53354' angle='4.712389' width='49.5' depth='57.600002' height='84.0' modelRotation='0 0 -1 0 1 0 1 0 0' modelSize='28947'/>
  <pieceOfFurniture catalogId='Pencilart#table_footrest' name='Table' creator='Pencilart' model='31/table.obj' x='1644.0342' y='376.31305' angle='1.5707964' width='150.0' depth='34.0' height='32.5' modelSize='9116'/>
  <pieceOfFurniture catalogId='Dingenskirchen#pinewoodRackMediumHeight' name='Pinewood rack medium height' creator='Dingenskirchen' model='37/pinewoodRackMediumHeight.obj' x='660.1074' y='977.4084' angle='1.5707964' width='120.0' depth='30.2' height='143.0' modelSize='33747'/>
  <pieceOfFurniture catalogId='eTeks#fridgeFreezer' name='Fridge &amp; Freezer' creator='eTeks' model='39' x='554.7169' y='633.5793' angle='4.712389' width='60.0' depth='60.0' height='221.0' modelSize='26363'/>
  <pieceOfFurniture catalogId='Pencilart#dishwasher' name='Dishwasher' creator='Pencilart' model='41/dishwasher.obj' x='554.5851' y='363.57974' angle='4.712389' width='60.0' depth='60.0' height='100.0' modelSize='9467'/>
  <pieceOfFurniture catalogId='Omari#cassetti_cucina_45x60' name='Red drawers' creator='Ben Omari' model='43/cassetti_cucina_45x60_Scene.obj' x='554.7169' y='521.0798' angle='4.712389' width='45.0' depth='60.0' height='100.6' modelSize='6415'/>
  <pieceOfFurniture catalogId='Omari#cassetti_cucina_45x60' name='Red drawers' creator='Ben Omari' model='43/cassetti_cucina_45x60_Scene.obj' x='554.7169' y='476.07974' angle='4.712389' width='45.0' depth='60.0' height='100.6' modelSize='6415'/>
  <pieceOfFurniture catalogId='Pencilart#stove1' name='Stove' creator='Pencilart' model='45/stove1.obj' x='554.7169' y='423.57974' angle='4.712389' width='60.0' depth='60.0' height='125.0' modelSize='245209'/>
  <pieceOfFurniture catalogId='Omari#cassetti_cucina_45x60' name='Red drawers' creator='Ben Omari' model='43/cassetti_cucina_45x60_Scene.obj' x='554.2169' y='575.0798' angle='4.712389' width='63.0' depth='59.0' height='100.6' modelSize='6415'/>
  <pieceOfFurniture catalogId='LucaPresidente#lavello' name='Sink' creator='LucaPresidente' model='47/lavello.obj' x='624.432' y='297.1839' angle='3.141593' width='80.0' depth='63.4' height='121.0' modelSize='970849'/>
  <pieceOfFurniture catalogId='Omari#cassetti_cucina_45x60' name='Red drawers' creator='Ben Omari' model='43/cassetti_cucina_45x60_Scene.obj' x='555.432' y='299.7157' angle='4.712389' width='64.0' depth='62.0' height='100.6' modelSize='6415'/>
  <pieceOfFurniture catalogId='LucaPresidente#pensileDoppio' name='Upper cabinet' creator='LucaPresidente' model='49/pensileDoppio.obj' x='546.0867' y='562.1887' elevation='160.0' angle='4.712389' width='80.0' depth='40.0' height='60.0' modelSize='504301'/>
  <pieceOfFurniture catalogId='LucaPresidente#pensileDoppio' name='Upper cabinet' creator='LucaPresidente' model='49/pensileDoppio.obj' x='546.08655' y='488.18872' elevation='160.0' angle='4.712389' width='68.0' depth='40.0' height='60.0' modelSize='504301'/>
  <pieceOfFurniture catalogId='eTeks#hood' name='Hood' creator='eTeks' model='51' x='553.2169' y='423.68872' elevation='156.0' angle='4.712389' width='61.0' depth='57.0' height='94.0' modelSize='10536'/>
  <pieceOfFurniture catalogId='LucaPresidente#pensileDoppio' name='Upper cabinet' creator='LucaPresidente' model='49/pensileDoppio.obj' x='544.5851' y='359.18872' elevation='160.0' angle='4.712389' width='68.0' depth='40.0' height='60.0' modelSize='504301'/>
  <pieceOfFurniture catalogId='LucaPresidente#pensileDoppio' name='Upper cabinet' creator='LucaPresidente' model='49/pensileDoppio.obj' x='544.5851' y='299.4839' elevation='160.0' angle='4.712389' width='68.0' depth='40.0' height='60.0' modelSize='504301'/>
  <pieceOfFurniture catalogId='eTeks#railing' name='Railing' creator='eTeks' model='53' x='242.31' y='103.43624' elevation='10.0' width='96.9' depth='5.0' height='90.0' modelSize='6781' movable='false'/>
  <pieceOfFurniture catalogId='eTeks#railing' name='Railing' creator='eTeks' model='53' x='340.0156' y='103.43626' elevation='10.0' width='98.0' depth='5.0' height='90.0' modelSize='6781' movable='false'/>
  <pieceOfFurniture catalogId='eTeks#railing' name='Railing' creator='eTeks' model='53' x='441.30508' y='103.43626' elevation='10.0' width='104.0' depth='5.0' height='90.0' modelSize='6781' movable='false'/>
  <pieceOfFurniture catalogId='eTeks#railing' name='Railing' creator='eTeks' model='53' x='194.93954' y='149.16296' elevation='10.0' angle='1.5707964' width='94.4' depth='5.0' height='90.0' modelSize='6781' movable='false'/>
  <pieceOfFurniture catalogId='eTeks#railing' name='Railing' creator='eTeks' model='53' x='736.44745' y='147.90173' elevation='10.0' width='104.0' depth='5.0' height='90.0' modelSize='6781' movable='false'/>
  <pieceOfFurniture catalogId='eTeks#railing' name='Railing' creator='eTeks' model='53' x='635.15784' y='147.90173' elevation='10.0' width='98.0' depth='5.0' height='90.0' modelSize='6781' movable='false'/>
  <pieceOfFurniture catalogId='eTeks#railing' name='Railing' creator='eTeks' model='53' x='537.45215' y='147.90172' elevation='10.0' width='96.9' depth='5.0' height='90.0' modelSize='6781' movable='false'/>
  <pieceOfFurniture catalogId='eTeks#railing' name='Railing' creator='eTeks' model='53' x='954.1933' y='147.95297' elevation='10.0' width='98.0' depth='5.0' height='90.0' modelSize='6781' movable='false'/>
  <pieceOfFurniture catalogId='eTeks#railing' name='Railing' creator='eTeks' model='53' x='847.1641' y='147.82658' elevation='10.0' width='117.0' depth='5.0' height='90.0' modelSize='6781' movable='false'/>
  <pieceOfFurniture catalogId='eTeks#railing' name='Railing' creator='eTeks' model='53' x='1002.9324' y='184.35155' elevation='10.0' angle='1.5707964' width='77.5' depth='5.0' height='90.0' modelSize='6781' movable='false'/>
  <pieceOfFurniture catalogId='eTeks#railing' name='Railing' creator='eTeks' model='53' x='490.78992' y='125.668434' elevation='10.0' angle='1.5707964' width='49.5' depth='5.0' height='90.0' modelSize='6781' movable='false'/>
  <pieceOfFurniture catalogId='eTeks#railing' name='Railing' creator='eTeks' model='53' x='1565.561' y='850.0456' elevation='10.0' width='80.0' widthInPlan='80.00001' depth='5.0' height='90.0' modelSize='6781' movable='false'/>
  <pieceOfFurniture catalogId='eTeks#railing' name='Railing' creator='eTeks' model='53' x='1657.573' y='849.5882' elevation='10.0' width='103.0' depth='5.0' height='90.0' modelSize='6781' movable='false'/>
  <pieceOfFurniture catalogId='eTeks#railing' name='Railing' creator='eTeks' model='53' x='1710.5795' y='808.3585' elevation='10.0' angle='1.5707964' width='89.0' depth='5.0' height='90.0' modelSize='6781' movable='false'/>
  <pieceOfFurniture catalogId='eTeks#railing' name='Railing' creator='eTeks' model='53' x='1712.0795' y='633.3465' elevation='10.0' angle='1.5707964' width='90.0' depth='5.0' height='90.0' modelSize='6781' movable='false'/>
  <pieceOfFurniture catalogId='eTeks#railing' name='Railing' creator='eTeks' model='53' x='1712.0795' y='543.347' elevation='10.0' angle='1.5707964' width='90.0' depth='5.0' height='90.0' modelSize='6781' movable='false'/>
  <pieceOfFurniture catalogId='eTeks#railing' name='Railing' creator='eTeks' model='53' x='1712.0795' y='453.34702' elevation='10.0' angle='1.5707964' width='90.0' depth='5.0' height='90.0' modelSize='6781' movable='false'/>
  <pieceOfFurniture catalogId='eTeks#railing' name='Railing' creator='eTeks' model='53' x='1712.0795' y='363.34702' elevation='10.0' angle='1.5707964' width='90.0' depth='5.0' height='90.0' modelSize='6781' movable='false'/>
  <pieceOfFurniture catalogId='Snduc#bacADouchePlat' name='Shower cubicle' creator='Snduc' model='55' x='254.24818' y='1032.286' angle='3.1415927' width='79.0' depth='82.0' height='6.5' modelRotation='0 0 1 0 1 0 -1 0 0' modelSize='29607' movable='false'/>
  <pieceOfFurniture catalogId='Snduc#pareDouche' name='Shower door' creator='Snduc' model='57' x='297.5027' y='1028.286' elevation='7.0' angle='1.5707964' width='90.0' depth='8.0' height='180.0' modelSize='27129' movable='false'/>
  <pieceOfFurniture catalogId='Scopia#wardrobe1' name='Wardrobe' creator='Scopia' model='59/wardrobe1.obj' x='241.24818' y='798.76306' angle='4.712389' width='190.0' depth='53.0' height='210.0' modelSize='180682'>
    <texture name='Poplar' creator='Emmanuel Puybaret' width='40.0' height='80.0' image='3'/>
  </pieceOfFurniture>
  <pieceOfFurniture catalogId='eTeks#washbasin' name='Washbasin' creator='eTeks' model='61' x='408.71497' y='1049.786' angle='3.1415927' width='56.0' depth='47.0' height='97.0' modelSize='239991' movable='false'/>
  <pieceOfFurniture catalogId='Scopia#wardrobe1' name='Wardrobe' creator='Scopia' model='59/wardrobe1.obj' x='1056.561' y='734.7158' angle='4.712389' width='225.0' depth='60.0' height='210.0' modelSize='180682'>
    <texture name='Poplar' creator='Emmanuel Puybaret' width='40.0' height='80.0' image='3'/>
  </pieceOfFurniture>
  <pieceOfFurniture catalogId='Scopia#wardrobe1' name='Wardrobe' creator='Scopia' model='59/wardrobe1.obj' x='1138.061' y='824.7158' angle='3.1415927' width='115.0' depth='45.0' height='210.0' modelSize='180682'>
    <texture name='Poplar' creator='Emmanuel Puybaret' width='40.0' height='80.0' image='3'/>
  </pieceOfFurniture>
  <pieceOfFurniture catalogId='Omari#isola_cicina_150x90' name='Red island' creator='Ben Omari' model='63/isola_cucina_150x90_Scene.obj' x='716.8649' y='521.6022' angle='1.5707964' width='235.0' depth='69.0' height='100.0' modelSize='12635'/>
  <pieceOfFurniture catalogId='LucaPresidente#sgabello' name='Bar stool' creator='LucaPresidente' model='65/sgabello.obj' x='682.20233' y='430.25607' angle='4.712389' width='32.0' depth='36.0' height='85.0' modelMirrored='true' modelRotation='0 0 -1 0 1 0 1 0 0' modelSize='115864'/>
  <pieceOfFurniture catalogId='LucaPresidente#sgabello' name='Bar stool' creator='LucaPresidente' model='65/sgabello.obj' x='682.20233' y='493.33594' angle='4.712389' width='32.0' depth='36.0' height='85.0' modelMirrored='true' modelRotation='0 0 -1 0 1 0 1 0 0' modelSize='115864'/>
  <pieceOfFurniture catalogId='LucaPresidente#sgabello' name='Bar stool' creator='LucaPresidente' model='65/sgabello.obj' x='682.2023' y='556.4158' angle='4.712389' width='32.0' depth='36.0' height='85.0' modelMirrored='true' modelRotation='0 0 -1 0 1 0 1 0 0' modelSize='115864'/>
  <pieceOfFurniture catalogId='LucaPresidente#sgabello' name='Bar stool' creator='LucaPresidente' model='65/sgabello.obj' x='682.2024' y='619.4958' angle='4.712389' width='32.0' depth='36.0' height='85.0' modelMirrored='true' modelRotation='0 0 -1 0 1 0 1 0 0' modelSize='115864'/>
  <pieceOfFurniture catalogId='Scopia#wall-flat-tv' name='Wall flat TV' creator='Scopia' model='17/wall-flat-tv.obj' x='1004.11774' y='512.62317' elevation='80.0' angle='1.5707964' width='102.8' depth='10.900001' height='65.9' modelMirrored='true' modelSize='36766'/>
  <pieceOfFurniture catalogId='LucaPresidente#water' name='Toilet unit' creator='LucaPresidente' model='67/water.obj' x='340.63306' y='1045.436' angle='3.1415927' width='36.0' depth='55.7' height='45.3' modelSize='913841'/>
  <pieceOfFurniture catalogId='Omari#cassetti_cucina_45x60' name='Red drawers' creator='Ben Omari' model='43/cassetti_cucina_45x60_Scene.obj' x='694.08575' y='294.9835' angle='1.7484555E-7' width='63.0' depth='59.0' height='100.6' modelSize='6415'/>
  <pieceOfFurniture catalogId='Bettinelli#bureauInfoClair' name='Desk' creator='Gaël Bettinelli' model='69/bureauInfoClair.obj' x='1054.5677' y='572.2158' angle='4.712389' width='100.0' depth='60.0' height='70.0' modelSize='52245'>
    <texture name='Poplar' creator='Emmanuel Puybaret' width='40.0' height='80.0' image='3'/>
  </pieceOfFurniture>
  <pieceOfFurniture catalogId='Scopia#kids_desk_chair' name='Chair' creator='Scopia' model='71/kids_desk_chair.obj' x='1075.7988' y='574.5016' angle='1.5707964' width='53.4' depth='51.9' height='88.3' modelRotation='-1 0 0 0 1 0 0 0 -1' modelSize='1027345'/>
  <doorOrWindow catalogId='eTeks#doorFrame' name='Door frame' creator='eTeks' model='73' x='1203.0612' y='757.2261' angle='1.5707964' width='80.0' depth='19.00075' height='208.5' modelSize='1281' movable='false' cutOutShape='M0,0 v1 h1 v-1 z' wallCutOutOnBothSides='true'/>
  <pieceOfFurniture catalogId='Blend Swap CC-0#couch' name='Couch' creator='TowerCG' model='75/couch.obj' x='797.8649' y='520.8088' angle='4.712389' width='235.0' depth='93.0' height='85.6' modelMirrored='true' modelSize='1161573'/>
  <pieceOfFurniture catalogId='Snduc#pareDouche' name='Shower door' creator='Snduc' model='57' x='1329.771' y='797.2158' elevation='7.0' angle='1.5707964' width='100.0' depth='8.0' height='180.0' modelSize='27129' movable='false'/>
  <wall id='wall0' wallAtStart='wall21' wallAtEnd='wall13' xStart='687.70746' yStart='1085.786' xEnd='687.70746' yEnd='739.7524' height='250.0' thickness='25.0' pattern='hatchUp'/>
  <wall id='wall1' wallAtStart='wall12' wallAtEnd='wall2' xStart='509.58508' yStart='250.4835' xEnd='509.58508' yEnd='400.57394' height='250.0' thickness='30.0' pattern='hatchUp'/>
  <wall id='wall2' wallAtStart='wall1' wallAtEnd='wall23' xStart='509.58508' yStart='400.57394' xEnd='199.74814' yEnd='400.57394' height='250.0' thickness='30.0' pattern='hatchUp'/>
  <wall id='wall3' xStart='200.01822' yStart='386.4393' xEnd='200.01822' yEnd='133.43932' height='250.0' thickness='30.0' pattern='hatchUp'/>
  <wall id='wall4' wallAtStart='wall9' xStart='1017.06775' yStart='859.7158' xEnd='1017.06775' yEnd='250.4835' height='250.0' thickness='15.0' pattern='hatchUp'/>
  <wall id='wall5' xStart='200.01822' yStart='906.03925' xEnd='517.2169' yEnd='906.03925' height='250.0' thickness='15.0' pattern='hatchUp'/>
  <wall id='wall6' wallAtEnd='wall7' xStart='1510.561' yStart='250.4835' xEnd='1510.561' yEnd='628.8865' height='250.0' thickness='30.0' pattern='hatchUp'/>
  <wall id='wall7' wallAtStart='wall6' wallAtEnd='wall8' xStart='1510.561' yStart='628.8865' xEnd='1203.061' yEnd='628.8865' height='250.0' thickness='15.0' pattern='hatchUp'/>
  <wall id='wall8' wallAtStart='wall7' wallAtEnd='wall9' xStart='1203.061' yStart='628.8865' xEnd='1203.061' yEnd='859.7158' height='250.0' thickness='15.0' pattern='hatchUp'/>
  <wall id='wall9' wallAtStart='wall8' wallAtEnd='wall4' xStart='1203.061' yStart='859.7158' xEnd='1017.06775' yEnd='859.7158' height='250.0' thickness='25.0' pattern='hatchUp'/>
  <wall id='wall10' wallAtEnd='wall11' xStart='1159.061' yStart='859.7158' xEnd='1510.561' yEnd='859.7158' height='250.0' thickness='25.0' pattern='hatchUp'/>
  <wall id='wall11' wallAtStart='wall10' xStart='1510.561' yStart='859.7158' xEnd='1510.561' yEnd='626.7158' height='250.0' thickness='30.0' pattern='hatchUp'/>
  <wall id='wall12' wallAtEnd='wall1' xStart='1007.8966' yStart='250.4835' xEnd='509.58508' yEnd='250.4835' height='250.0' thickness='30.0' pattern='hatchUp'/>
  <wall id='wall13' wallAtStart='wall0' xStart='687.70746' yStart='739.7524' xEnd='1022.70746' yEnd='739.7524' height='250.0' thickness='25.0' pattern='hatchUp'/>
  <wall id='wall14' xStart='1712.195' yStart='254.65343' xEnd='1712.195' yEnd='329.65366' height='250.0' thickness='30.0' pattern='hatchUp'/>
  <wall id='wall15' xStart='1711.708' yStart='668.8298' xEnd='1711.708' yEnd='768.8298' height='250.0' thickness='30.0' pattern='hatchUp'/>
  <wall id='wall16' xStart='1726.7936' yStart='240.15834' xEnd='980.7936' yEnd='240.15834' height='250.0' thickness='30.0' pattern='hatchUp'/>
  <wall id='wall17' xStart='980.4325' yStart='249.35112' xEnd='1030.4325' yEnd='249.35112' height='250.0' thickness='50.0' pattern='hatchUp'/>
  <wall id='wall18' xStart='473.37775' yStart='751.20795' xEnd='523.37775' yEnd='751.20795' height='250.0' thickness='50.0' pattern='hatchUp'/>
  <wall id='wall19' xStart='474.22607' yStart='250.28163' xEnd='524.2261' yEnd='250.28163' height='250.0' thickness='50.0' pattern='hatchUp'/>
  <wall id='wall20' wallAtStart='wall22' wallAtEnd='wall21' xStart='199.74817' yStart='1085.786' xEnd='517.2169' yEnd='1085.786' height='250.0' thickness='25.0' pattern='hatchUp'/>
  <wall id='wall21' wallAtStart='wall20' wallAtEnd='wall0' xStart='517.2169' yStart='1085.786' xEnd='687.70746' yEnd='1085.786' height='250.0' thickness='25.0' pattern='hatchUp'/>
  <wall id='wall22' wallAtStart='wall20' wallAtEnd='wall23' xStart='199.74817' yStart='1085.786' xEnd='199.74817' yEnd='916.0087' height='250.0' thickness='30.0' pattern='hatchUp'/>
  <wall id='wall23' wallAtStart='wall22' wallAtEnd='wall2' xStart='199.74817' yStart='916.0087' xEnd='199.74814' yEnd='400.57394' height='250.0' thickness='30.0' pattern='hatchUp'/>
  <wall id='wall24' wallAtEnd='wall25' xStart='517.2169' yStart='415.48782' xEnd='517.2169' yEnd='916.0087' height='250.0' thickness='15.0' pattern='hatchUp'/>
  <wall id='wall25' wallAtStart='wall24' xStart='517.2169' yStart='916.0087' xEnd='517.2169' yEnd='1093.4471' height='250.0' thickness='15.0' pattern='hatchUp'/>
  <room areaVisible='true'>
    <texture attribute='floorTexture' name='Oak' creator='Emmanuel Puybaret' width='40.0' height='80.0' image='76'/>
    <point x='214.74814' y='415.57394'/>
    <point x='214.74817' y='898.53925'/>
    <point x='513.4423' y='897.2933'/>
    <point x='509.71692' y='898.53925'/>
    <point x='513.4923' y='897.6998'/>
    <point x='513.4923' y='804.98'/>
    <point x='509.71692' y='804.98'/>
    <point x='509.71692' y='776.20795'/>
    <point x='473.37775' y='776.20795'/>
    <point x='473.37775' y='726.20795'/>
    <point x='509.71692' y='726.20795'/>
    <point x='509.71692' y='415.57394'/>
  </room>
  <room areaVisible='true'>
    <texture attribute='floorTexture' name='Beige tiles' creator='Ola-Kristian Hoff' width='32.0' height='32.0' image='77'/>
    <point x='214.74817' y='913.53925'/>
    <point x='214.74817' y='1073.286'/>
    <point x='509.71692' y='1073.286'/>
    <point x='509.71692' y='1011.61774'/>
    <point x='513.021' y='1011.61774'/>
    <point x='513.021' y='930.39795'/>
    <point x='509.71692' y='930.39795'/>
    <point x='509.71692' y='913.53925'/>
  </room>
  <room areaVisible='true'>
    <texture attribute='floorTexture' name='Beige tiles' creator='Ola-Kristian Hoff' width='32.0' height='32.0' image='77'/>
    <point x='1210.561' y='636.3865'/>
    <point x='1210.561' y='721.14825'/>
    <point x='1207.257' y='721.14825'/>
    <point x='1207.2568' y='802.3681'/>
    <point x='1210.561' y='802.3681'/>
    <point x='1210.561' y='847.2158'/>
    <point x='1495.561' y='847.2158'/>
    <point x='1495.561' y='636.3865'/>
  </room>
  <room areaVisible='true' ceilingVisible='false'>
    <texture attribute='floorTexture' name='Grey tiles' creator='eTeks' width='31.5' height='31.5' image='78'/>
    <point x='200.01822' y='103.60209'/>
    <point x='200.01822' y='133.43932'/>
    <point x='215.01822' y='133.43932'/>
    <point x='215.01822' y='385.57394'/>
    <point x='494.58508' y='385.57394'/>
    <point x='494.58508' y='275.28162'/>
    <point x='474.22607' y='275.28162'/>
    <point x='474.22607' y='225.28163'/>
    <point x='524.2261' y='225.28163'/>
    <point x='524.2261' y='235.4835'/>
    <point x='980.4325' y='235.4835'/>
    <point x='980.4325' y='224.35112'/>
    <point x='1002.4325' y='224.35112'/>
    <point x='1002.4325' y='149.35112'/>
    <point x='490.4325' y='149.35112'/>
    <point x='490.4325' y='103.60209'/>
  </room>
  <room areaVisible='true' ceilingVisible='false'>
    <texture attribute='floorTexture' name='Grey tiles' creator='eTeks' width='31.5' height='31.5' image='78'/>
    <point x='1525.561' y='255.15834'/>
    <point x='1697.195' y='255.15834'/>
    <point x='1697.195' y='329.65366'/>
    <point x='1713.195' y='329.65366'/>
    <point x='1713.195' y='668.8298'/>
    <point x='1696.708' y='668.8298'/>
    <point x='1696.708' y='768.8298'/>
    <point x='1713.195' y='768.8298'/>
    <point x='1713.195' y='847.2158'/>
    <point x='1525.561' y='847.2158'/>
  </room>
  <room areaVisible='true'>
    <texture attribute='floorTexture' name='Red tiles' creator='eTeks' catalogId='eTeks#redTiles' width='40.0' height='40.0' image='79'/>
    <point x='524.5851' y='265.4835'/>
    <point x='729.4325' y='265.4835'/>
    <point x='729.4325' y='659.48346'/>
    <point x='523.37775' y='659.48346'/>
  </room>
  <room areaVisible='true'>
    <texture attribute='floorTexture' name='Oak' creator='Emmanuel Puybaret' width='40.0' height='80.0' image='76'/>
    <point x='1030.4325' y='255.15834'/>
    <point x='1030.4325' y='274.35114'/>
    <point x='1024.5677' y='274.35114'/>
    <point x='1024.5677' y='287.86584'/>
    <point x='1020.79236' y='287.86584'/>
    <point x='1020.79236' y='380.58575'/>
    <point x='1024.5677' y='380.58575'/>
    <point x='1024.5677' y='847.2158'/>
    <point x='1195.561' y='847.2158'/>
    <point x='1195.561' y='801.92883'/>
    <point x='1207.3069' y='801.92883'/>
    <point x='1207.307' y='721.5875'/>
    <point x='1195.561' y='721.5875'/>
    <point x='1195.561' y='621.3865'/>
    <point x='1495.561' y='621.3865'/>
    <point x='1495.561' y='255.15834'/>
  </room>
  <room areaVisible='true'>
    <texture attribute='floorTexture' name='Oak' creator='Emmanuel Puybaret' width='40.0' height='80.0' image='76'/>
    <point x='524.7169' y='1073.2861'/>
    <point x='675.20746' y='1073.2861'/>
    <point x='675.20746' y='727.2524'/>
    <point x='1009.56775' y='727.2524'/>
    <point x='1009.56775' y='274.35114'/>
    <point x='980.4325' y='274.35114'/>
    <point x='980.4325' y='265.48352'/>
    <point x='729.4325' y='265.4835'/>
    <point x='729.4325' y='659.48346'/>
    <point x='523.37775' y='659.48346'/>
  </room>
</home>