<?xml version='1.0'?>
<home version='6000' exportFlags='17' name='Model.sh3d' camera='topCamera' wallHeight='250.0'>
  <environment groundColor='00A8A8A8' skyColor='00CCE4FC' lightColor='00D0D0D0'/>
  <observerCamera attribute='observerCamera' lens='PINHOLE' x='50.0' y='50.0' z='170.0' yaw='5.4977875' pitch='0.19634955' fieldOfView='1.0995575' time='1589112000000'/>
  <camera attribute='topCamera' lens='PINHOLE' x='955.02954' y='1620.0902' z='1813.8206' yaw='34.61216' pitch='0.9407971' fieldOfView='1.0995575' time='1589112000000'/>
  <doorOrWindow catalogId='eTeks#openDoor' name='Open door' creator='eTeks' model='1' x='559.88824' y='563.96484' angle='1.5707964' width='91.5' depth='68.0' height='208.5' modelMirrored='true' modelSize='14055' movable='false' cutOutShape='M0,0 v1 h1 v-1 z' wallCutOutOnBothSides='true'/>
  <doorOrWindow catalogId='eTeks#openDoor' name='Open door' creator='eTeks' model='1' x='568.66693' y='760.1157' angle='1.5707964' width='60.0' depth='44.590164' height='208.5' modelSize='14055' movable='false' cutOutShape='M0,0 v1 h1 v-1 z' wallCutOutOnBothSides='true'/>
  <doorOrWindow catalogId='eTeks#openDoor' name='Open door' creator='eTeks' model='1' x='1131.507' y='110.93762' angle='4.712389' width='91.5' depth='68.0' height='208.5' modelMirrored='true' modelSize='14055' movable='false' cutOutShape='M0,0 v1 h1 v-1 z' wallCutOutOnBothSides='true'/>
  <doorOrWindow catalogId='Kator Legaz#exterior-door-05' name='Exterior door' creator='Kator Legaz' model='3/exterior-door-05.obj' x='676.46814' y='874.42096' angle='3.1415927' width='99.0' depth='30.834084' height='205.0' modelSize='119396' movable='false' cutOutShape='M0,0 v1 h1 v-1 z' wallCutOutOnBothSides='true'/>
  <doorOrWindow catalogId='eTeks#openDoor' name='Open door' creator='eTeks' model='1' x='1525.8744' y='471.42554' angle='1.7484555E-7' width='60.0' depth='44.590164' height='208.5' modelMirrored='true' modelSize='14055' movable='false' cutOutShape='M0,0 v1 h1 v-1 z' wallCutOutOnBothSides='true'/>
  <doorOrWindow catalogId='eTeks#window85x123' name='Small window' creator='eTeks' model='5' x='673.9758' y='28.974825' elevation='87.0' angle='3.1415927' width='91.0' depth='40.80075' height='134.0' modelSize='9333' movable='false' cutOutShape='M0,0 v1 h1 v-1 z' wallCutOutOnBothSides='true'/>
  <doorOrWindow catalogId='OlaKristianHoff#door_window_thick_double' name='Double door window' creator='Ola-Kristian Hoff' model='7/door_window_thick_double.obj' x='405.21204' y='187.15733' elevation='11.0' angle='1.7484555E-7' width='160.0' depth='35.38537' height='210.0' modelSize='18336' movable='false' cutOutShape='M0,0 v1 h1 v-1 z' wallCutOutOnBothSides='true'/>
  <doorOrWindow catalogId='OlaKristianHoff#door_window_thick_double' name='Double door window' creator='Ola-Kristian Hoff' model='7/door_window_thick_double.obj' x='880.9745' y='37.067135' elevation='11.0' angle='1.7484555E-7' width='160.0' depth='35.38537' height='210.0' modelSize='18336' movable='false' cutOutShape='M0,0 v1 h1 v-1 z' wallCutOutOnBothSides='true'/>
  <doorOrWindow catalogId='eTeks#window85x123' name='Small window' creator='eTeks' model='5' x='1591.632' y='586.04535' elevation='87.0' angle='4.712389' width='100.0' depth='40.80075' height='134.0' modelSize='9333' movable='false' cutOutShape='M0,0 v1 h1 v-1 z' wallCutOutOnBothSides='true'/>
  <doorOrWindow catalogId='eTeks#fixedWindow85x123' name='Fixed window' creator='eTeks' model='9' x='1683.9276' y='34.374825' elevation='87.0' angle='3.1415927' width='100.0' depth='30.00075' height='134.0' modelSize='2198' movable='false' cutOutShape='M0,0 v1 h1 v-1 z' wallCutOutOnBothSides='true'/>
  <doorOrWindow catalogId='OlaKristianHoff#door_window_thick_double' name='Double door window' creator='Ola-Kristian Hoff' model='7/door_window_thick_double.obj' x='1583.5397' y='268.93887' elevation='11.0' angle='1.5707964' width='160.0' depth='35.38537' height='210.0' modelSize='18336' movable='false' cutOutShape='M0,0 v1 h1 v-1 z' wallCutOutOnBothSides='true'/>
  <furnitureGroup name='Group -1-' x='385.59744' y='448.68436' angle='4.712389' width='234.80927' depth='200.0' height='76.5'>
    <pieceOfFurniture catalogId='Blend Swap CC-0#bedsideTable2' name='Bedside table' creator='Nhumrod' model='11/bedsideTable2.obj' x='309.64743' y='355.57974' angle='4.712389' width='48.600002' depth='48.100002' height='45.4' modelSize='39241'/>
    <pieceOfFurniture catalogId='Blend Swap CC-0#bedsideTable2' name='Bedside table' creator='Nhumrod' model='11/bedsideTable2.obj' x='309.64743' y='541.789' angle='4.712389' width='48.600002' depth='48.100002' height='45.4' modelSize='39241'/>
    <pieceOfFurniture catalogId='Blend Swap CC-0#bedWithTexture' name='Bed' creator='Nhumrod' model='13/bedWithTexture.obj' x='385.59744' y='447.2964' angle='4.712389' width='160.0' depth='200.0' height='76.5' modelSize='2024020'/>
  </furnitureGroup>
  <pieceOfFurniture catalogId='Scopia#wall-flat-tv' name='Wall flat TV' creator='Scopia' model='15/wall-flat-tv.obj' x='579.93787' y='436.87234' elevation='100.0' angle='1.5707964' width='102.8' depth='10.900001' height='65.9' modelSize='36766'/>
  <pieceOfFurniture catalogId='Scopia#wardrobe1' name='Wardrobe' creator='Scopia' model='17/wardrobe1.obj' x='436.88788' y='660.06085' angle='3.1415927' width='300.0' depth='80.0' height='200.0' modelSize='180682'>
    <texture name='Poplar' creator='Emmanuel Puybaret' catalogId='Puybaret#poplar' width='40.0' height='80.0' image='18'/>
  </pieceOfFurniture>
  <pieceOfFurniture catalogId='Scopia#armchair3' name='Armchair' creator='Scopia' model='20/armchair3.obj' x='529.34515' y='286.84146' angle='0.7853982' width='59.100002' depth='69.4' height='94.9' modelSize='85876'/>
  <light catalogId='eTeks#floorUplight' name='Floor uplight' creator='eTeks' model='22' x='502.31348' y='223.00775' angle='1.7484555E-7' width='33.0' depth='33.0' height='181.0' modelSize='19627'/>
  <furnitureGroup name='Group -1-' x='1395.3386' y='149.3779' angle='1.7484555E-7' width='234.8092' depth='200.00606' height='76.5'>
    <pieceOfFurniture catalogId='Blend Swap CC-0#bedsideTable2' name='Bedside table' creator='Nhumrod' model='11/bedsideTable2.obj' x='1488.4434' y='73.43111' angle='1.7484555E-7' width='48.600002' depth='48.100002' height='45.4' modelSize='39241'/>
    <pieceOfFurniture catalogId='Blend Swap CC-0#bedsideTable2' name='Bedside table' creator='Nhumrod' model='11/bedsideTable2.obj' x='1302.2341' y='73.42485' angle='1.7484555E-7' width='48.600002' depth='48.100002' height='45.4' modelSize='39241'/>
    <pieceOfFurniture catalogId='Blend Swap CC-0#bedWithTexture' name='Bed' creator='Nhumrod' model='13/bedWithTexture.obj' x='1396.7267' y='149.38092' angle='1.7484555E-7' width='160.0' depth='200.0' height='76.5' modelSize='2024020'/>
  </furnitureGroup>
  <pieceOfFurniture catalogId='Scopia#wall-flat-tv' name='Wall flat TV' creator='Scopia' model='15/wall-flat-tv.obj' x='1447.972' y='434.25458' elevation='57.5' angle='3.1415927' width='90.0' depth='9.542801' height='63.7' modelSize='36766'/>
  <pieceOfFurniture catalogId='Bettinelli#meubleHiFiHaut' name='Shelf unit' creator='Gaël Bettinelli' model='24/meubleHiFiHaut.obj' x='1422.2382' y='419.00458' angle='3.1415927' width='155.90001' depth='41.4' height='210.0' modelSize='174208'>
    <texture name='Poplar' creator='Emmanuel Puybaret' catalogId='Puybaret#poplar' width='40.0' height='80.0' image='18'/>
  </pieceOfFurniture>
  <pieceOfFurniture catalogId='LucaPresidente#mobileCiliegio' name='Wardrobe cherry' creator='LucaPresidente' model='26/mobileCiliegio.obj' x='1285.7882' y='418.4546' angle='3.1415927' width='117.0' depth='42.5' height='210.0' modelSize='58360'>
    <texture name='Poplar' creator='Emmanuel Puybaret' catalogId='Puybaret#poplar' width='40.0' height='80.0' image='18'/>
  </pieceOfFurniture>
  <pieceOfFurniture catalogId='Scopia#wardrobe1' name='Wardrobe' creator='Scopia' model='17/wardrobe1.obj' x='1152.2319' y='614.034' angle='3.1415927' width='150.0' depth='51.0' height='200.0' modelSize='180682'>
    <texture name='Poplar' creator='Emmanuel Puybaret' catalogId='Puybaret#poplar' width='40.0' height='80.0' image='18'/>
  </pieceOfFurniture>
  <pieceOfFurniture catalogId='Icybones#etagereEnfant' name='Shelves' creator='Icybones' model='28' x='1212.1819' y='475.83838' angle='1.5707964' width='70.0' depth='30.1' height='200.0' modelSize='89003'>
    <texture name='Poplar' creator='Emmanuel Puybaret' catalogId='Puybaret#poplar' width='40.0' height='80.0' image='18'/>
  </pieceOfFurniture>
  <pieceOfFurniture catalogId='Icybones#etagereEnfant' name='Shelves' creator='Icybones' model='28' x='1212.1318' y='549.9703' angle='1.5707964' width='80.0' depth='30.0' height='200.0' modelSize='89003'>
    <texture name='Poplar' creator='Emmanuel Puybaret' catalogId='Puybaret#poplar' width='40.0' height='80.0' image='18'/>
  </pieceOfFurniture>
  <pieceOfFurniture catalogId='Icybones#etagereEnfant' name='Shelves' creator='Icybones' model='28' x='1092.4524' y='566.9552' angle='4.712389' width='45.0' depth='30.1' height='188.8' modelSize='89003'>
    <texture name='Poplar' creator='Emmanuel Puybaret' catalogId='Puybaret#poplar' width='40.0' height='80.0' image='18'/>
  </pieceOfFurniture>
  <pieceOfFurniture catalogId='Snduc#bacADouchePlat' name='Shower cubicle' creator='Snduc' model='30' x='331.38687' y='760.06085' width='90.0' depth='90.0' height='6.5' modelRotation='0 0 1 0 1 0 -1 0 0' modelSize='29607' movable='false'/>
  <pieceOfFurniture catalogId='Snduc#pareDouche' name='Shower door' creator='Snduc' model='32' x='379.698' y='760.06085' elevation='7.0' angle='1.5707964' width='90.0' depth='8.0' height='180.0' modelSize='27129' movable='false'/>
  <pieceOfFurniture catalogId='eTeks#toiletUnit' name='Toilet unit' creator='eTeks' model='34' x='536.6953' y='824.83765' angle='3.1415927' width='40.0' depth='80.0' height='62.0' modelSize='125874' movable='false'/>
  <pieceOfFurniture catalogId='LucaPresidente#mobilettoLavaboWenge' name='Washbasin with cabinet' creator='LucaPresidente' model='36/mobilettoLavaboWenge.obj' x='483.698' y='736.31085' width='81.0' depth='42.5' height='101.3' modelSize='352939'/>
  <pieceOfFurniture catalogId='Blend Swap CC-0#towel3' name='Towel rack' creator='Wfg5001' model='38/towel3.obj' x='458.87628' y='860.78766' elevation='87.0' angle='3.1415927' width='59.600002' depth='8.1' height='47.8' modelSize='78625'/>
  <pieceOfFurniture catalogId='Kator Legaz#bathmat' name='Bathmat' creator='Kator Legaz' model='40/bathmat.obj' x='432.57333' y='828.23303' width='73.3' depth='47.0' height='1.4' modelSize='29312'/>
  <pieceOfFurniture catalogId='OlaKristianHoff#washer_dryer' name='Washer dryer' creator='Ola-Kristian Hoff' model='42/washer_dryer.obj' x='413.448' y='742.56085' width='59.5' depth='55.0' height='85.0' modelSize='81910'/>
  <pieceOfFurniture catalogId='LucaPresidente#mobilettoSpecchioBlu' name='Mirror' creator='LucaPresidente' model='44/mobilettoSpecchioBlu.obj' x='483.021' y='721.31085' elevation='110.0' width='70.0' depth='12.5' height='60.0' modelSize='42140'/>
  <pieceOfFurniture catalogId='LucaPresidente#mobilettoLavaboWenge' name='Washbasin with cabinet' creator='LucaPresidente' model='36/mobilettoLavaboWenge.obj' x='1445.224' y='475.9546' angle='1.7484555E-7' width='81.0' depth='42.5' height='101.3' modelSize='352939'/>
  <pieceOfFurniture catalogId='LucaPresidente#mobilettoSpecchioBlu' name='Mirror' creator='LucaPresidente' model='44/mobilettoSpecchioBlu.obj' x='1444.4603' y='460.9546' elevation='110.0' angle='1.7484555E-7' width='70.0' depth='12.5' height='60.0' modelSize='42140'/>
  <pieceOfFurniture catalogId='eTeks#toiletUnit' name='Toilet unit' creator='eTeks' model='34' x='1535.2343' y='599.534' angle='3.1415927' width='40.0' depth='80.0' height='62.0' modelSize='125874' movable='false'/>
  <pieceOfFurniture catalogId='LucaPresidente#doccia' name='Shower cabin' creator='LucaPresidente' model='46/doccia.obj' x='1277.9054' y='489.7046' angle='1.7484555E-7' width='70.0' depth='70.0' height='200.0' modelRotation='-1 0 0 0 1 0 0 0 -1' modelSize='152895'/>
  <pieceOfFurniture catalogId='LucaPresidente#mobilettowenge' name='Cabinet' creator='LucaPresidente' model='48/mobilettowenge.obj' x='1374.724' y='475.7046' angle='1.7484555E-7' width='60.0' depth='42.0' height='82.0' modelSize='46012'/>
  <pieceOfFurniture catalogId='eTeks#bath' name='Bath' creator='eTeks' model='50' x='1345.7181' y='603.034' angle='3.1415927' width='163.0' depth='73.0' height='57.0' modelRotation='0 0 -1 0 1 0 1 0 0' modelSize='139580' movable='false'/>
  <pieceOfFurniture catalogId='Kator Legaz#bathmat' name='Bathmat' creator='Kator Legaz' model='40/bathmat.obj' x='1362.4382' y='536.17004' width='73.3' depth='47.0' height='1.4' modelSize='29312'/>
  <pieceOfFurniture catalogId='Blend Swap CC-0#towel3' name='Towel rack' creator='Wfg5001' model='38/towel3.obj' x='1246.282' y='558.45135' elevation='87.0' angle='4.712389' width='59.600002' depth='8.1' height='47.8' modelSize='78625'/>
  <pieceOfFurniture catalogId='Scopia#silla_teca' name='Teck chair' creator='Scopia' model='52/silla_teca.obj' x='336.4779' y='-56.07909' angle='4.712389' width='49.5' depth='57.600002' height='84.0' modelRotation='0 0 -1 0 1 0 1 0 0' modelSize='28947'/>
  <pieceOfFurniture catalogId='Pencilart#table_footrest' name='Table' creator='Pencilart' model='54/table.obj' x='429.47644' y='-17.142914' width='75.0' depth='126.0' height='32.5' modelSize='9116'/>
  <pieceOfFurniture catalogId='Scopia#silla_teca' name='Teck chair' creator='Scopia' model='52/silla_teca.obj' x='336.4779' y='21.54414' angle='4.712389' width='49.5' depth='57.600002' height='84.0' modelRotation='0 0 -1 0 1 0 1 0 0' modelSize='28947'/>
  <pieceOfFurniture catalogId='Scopia#silla_teca' name='Teck chair' creator='Scopia' model='52/silla_teca.obj' x='431.46692' y='92.85683' angle='3.1415927' width='49.5' depth='57.600002' height='84.0' modelMirrored='true' modelRotation='0 0 -1 0 1 0 1 0 0' modelSize='28947'/>
  <pieceOfFurniture catalogId='Scopia#silla_teca' name='Teck chair' creator='Scopia' model='52/silla_teca.obj' x='518.2965' y='-53.444996' angle='1.5707964' width='49.5' depth='57.600002' height='84.0' modelMirrored='true' modelRotation='0 0 -1 0 1 0 1 0 0' modelSize='28947'/>
  <pieceOfFurniture catalogId='Sophie#barbecue' name='Barbecue' creator='Sophie' model='56/barbecue.obj' x='338.16605' y='109.82683' angle='3.926991' width='39.2' depth='48.4' height='50.9' modelSize='122119'/>
  <pieceOfFurniture catalogId='Blend Swap CC-0#decorativePlant' name='Decorative plant' creator='MZiemys' model='58/decorativePlant.obj' x='540.6984' y='139.36502' angle='3.1415927' width='55.9' depth='60.2' height='103.1' modelSize='2077347'/>
  <pieceOfFurniture catalogId='Scopia#silla_teca' name='Teck chair' creator='Scopia' model='52/silla_teca.obj' x='1648.6586' y='197.04785' angle='4.712389' width='49.5' depth='57.600002' height='84.0' modelRotation='0 0 -1 0 1 0 1 0 0' modelSize='28947'/>
  <pieceOfFurniture catalogId='Scopia#silla_teca' name='Teck chair' creator='Scopia' model='52/silla_teca.obj' x='1648.6586' y='119.42462' angle='4.712389' width='49.5' depth='57.600002' height='84.0' modelRotation='0 0 -1 0 1 0 1 0 0' modelSize='28947'/>
  <pieceOfFurniture catalogId='Pencilart#table_footrest' name='Table' creator='Pencilart' model='54/table.obj' x='1719.7052' y='160.20413' angle='1.5707964' width='150.0' depth='34.0' height='32.5' modelSize='9116'/>
  <pieceOfFurniture catalogId='Dingenskirchen#pinewoodRackMediumHeight' name='Pinewood rack medium height' creator='Dingenskirchen' model='60/pinewoodRackMediumHeight.obj' x='735.7782' y='761.2999' angle='1.5707964' width='120.0' depth='30.2' height='143.0' modelSize='33747'/>
  <pieceOfFurniture catalogId='Scopia#wall-flat-tv' name='Wall flat TV' creator='Scopia' model='15/wall-flat-tv.obj' x='1085.5574' y='367.9671' elevation='100.0' angle='1.5707964' width='102.8' depth='10.900001' height='65.9' modelSize='36766'/>
  <pieceOfFurniture catalogId='Scopia#white_kitchen_table' name='Table' creator='Scopia' model='62/white_kitchen_table.obj' x='1019.2072' y='369.89703' angle='1.5707964' width='81.0' depth='51.61909' depthInPlan='51.619095' height='55.227272' modelSize='10368'/>
  <pieceOfFurniture catalogId='eTeks#fridgeFreezer' name='Fridge &amp; Freezer' creator='eTeks' model='64' x='630.3879' y='417.47083' angle='4.712389' width='60.0' depth='60.0' height='221.0' modelSize='26363'/>
  <pieceOfFurniture catalogId='Pencilart#dishwasher' name='Dishwasher' creator='Pencilart' model='66/dishwasher.obj' x='630.3879' y='357.47083' angle='4.712389' width='60.0' depth='60.0' height='100.0' modelSize='9467'/>
  <pieceOfFurniture catalogId='Omari#cassetti_cucina_45x60' name='Red drawers' creator='Ben Omari' model='68/cassetti_cucina_45x60_Scene.obj' x='630.3879' y='304.97083' angle='4.712389' width='45.0' depth='60.0' height='100.6' modelSize='6415'/>
  <pieceOfFurniture catalogId='Omari#cassetti_cucina_45x60' name='Red drawers' creator='Ben Omari' model='68/cassetti_cucina_45x60_Scene.obj' x='630.3879' y='259.97083' angle='4.712389' width='45.0' depth='60.0' height='100.6' modelSize='6415'/>
  <pieceOfFurniture catalogId='Pencilart#stove1' name='Stove' creator='Pencilart' model='70/stove1.obj' x='630.3879' y='207.47083' angle='4.712389' width='60.0' depth='60.0' height='125.0' modelSize='245209'/>
  <pieceOfFurniture catalogId='Omari#cassetti_cucina_45x60' name='Red drawers' creator='Ben Omari' model='68/cassetti_cucina_45x60_Scene.obj' x='630.256' y='154.97083' angle='4.712389' width='45.0' depth='60.0' height='100.6' modelSize='6415'/>
  <pieceOfFurniture catalogId='LucaPresidente#lavello' name='Sink' creator='LucaPresidente' model='72/lavello.obj' x='700.9745' y='81.074844' angle='3.141593' width='80.0' depth='63.4' height='121.0' modelSize='970849'/>
  <pieceOfFurniture catalogId='Omari#isola_cicina_150x90' name='Red island' creator='Ben Omari' model='74/isola_cucina_150x90_Scene.obj' x='770.3441' y='150.37482' angle='4.712389' width='200.0' depth='61.0' height='100.0' modelSize='12635'/>
  <pieceOfFurniture catalogId='Omari#cassetti_cucina_45x60' name='Red drawers' creator='Ben Omari' model='68/cassetti_cucina_45x60_Scene.obj' x='630.256' y='109.970825' angle='4.712389' width='45.0' depth='60.0' height='100.6' modelSize='6415'/>
  <pieceOfFurniture catalogId='Omari#cassetti_cucina_45x60' name='Red drawers' creator='Ben Omari' model='68/cassetti_cucina_45x60_Scene.obj' x='630.9745' y='71.874825' angle='4.712389' width='45.0' depth='60.0' height='100.6' modelSize='6415'/>
  <pieceOfFurniture catalogId='LucaPresidente#sgabello' name='Bar stool' creator='LucaPresidente' model='76/sgabello.obj' x='790.55054' y='77.67203' angle='1.5707964' width='32.0' depth='36.0' height='85.0' modelRotation='0 0 -1 0 1 0 1 0 0' modelSize='115864'/>
  <pieceOfFurniture catalogId='LucaPresidente#sgabello' name='Bar stool' creator='LucaPresidente' model='76/sgabello.obj' x='790.55054' y='126.49573' angle='1.5707964' width='32.0' depth='36.0' height='85.0' modelRotation='0 0 -1 0 1 0 1 0 0' modelSize='115864'/>
  <pieceOfFurniture catalogId='LucaPresidente#sgabello' name='Bar stool' creator='LucaPresidente' model='76/sgabello.obj' x='790.55054' y='175.31943' angle='1.5707964' width='32.0' depth='36.0' height='85.0' modelRotation='0 0 -1 0 1 0 1 0 0' modelSize='115864'/>
  <pieceOfFurniture catalogId='LucaPresidente#sgabello' name='Bar stool' creator='LucaPresidente' model='76/sgabello.obj' x='790.20447' y='221.3172' angle='1.5707964' width='32.0' depth='36.0' height='85.0' modelRotation='0 0 -1 0 1 0 1 0 0' modelSize='115864'/>
  <pieceOfFurniture catalogId='Scopia#armchair3' name='Armchair' creator='Scopia' model='20/armchair3.obj' x='1017.7195' y='244.07445' angle='1.7484555E-7' width='59.100002' depth='69.4' height='94.9' modelSize='85876'/>
  <pieceOfFurniture catalogId='eTeks#sofa2' name='Sofa' creator='eTeks' model='78' x='913.67444' y='376.77222' angle='4.712389' width='200.0' depth='86.5' height='88.0' modelSize='55383'/>
  <pieceOfFurniture catalogId='Scopia#armchair3' name='Armchair' creator='Scopia' model='20/armchair3.obj' x='1021.3573' y='477.83786' angle='3.1415927' width='59.100002' depth='69.4' height='94.9' modelSize='85876'/>
  <pieceOfFurniture catalogId='LucaPresidente#pensileDoppio' name='Upper cabinet' creator='LucaPresidente' model='80/pensileDoppio.obj' x='621.75757' y='346.0798' elevation='160.0' angle='4.712389' width='80.0' depth='40.0' height='60.0' modelSize='504301'/>
  <pieceOfFurniture catalogId='LucaPresidente#pensileDoppio' name='Upper cabinet' creator='LucaPresidente' model='80/pensileDoppio.obj' x='621.7575' y='272.0798' elevation='160.0' angle='4.712389' width='68.0' depth='40.0' height='60.0' modelSize='504301'/>
  <pieceOfFurniture catalogId='eTeks#hood' name='Hood' creator='eTeks' model='82' x='628.8879' y='207.5798' elevation='156.0' angle='4.712389' width='61.0' depth='57.0' height='94.0' modelSize='10536'/>
  <pieceOfFurniture catalogId='LucaPresidente#pensileDoppio' name='Upper cabinet' creator='LucaPresidente' model='80/pensileDoppio.obj' x='620.256' y='143.0798' elevation='160.0' angle='4.712389' width='68.0' depth='40.0' height='60.0' modelSize='504301'/>
  <pieceOfFurniture catalogId='LucaPresidente#pensileDoppio' name='Upper cabinet' creator='LucaPresidente' model='80/pensileDoppio.obj' x='620.256' y='83.3752' elevation='160.0' angle='4.712389' width='68.0' depth='40.0' height='60.0' modelSize='504301'/>
  <wall id='wall0' wallAtStart='wall1' wallAtEnd='wall2' xStart='273.88687' yStart='877.33765' xEnd='763.37823' yEnd='877.33765' height='250.0' thickness='25.0' pattern='hatchUp'/>
  <wall id='wall1' wallAtStart='wall0' wallAtEnd='wall8' xStart='273.88687' yStart='877.33765' xEnd='273.88684' yEnd='184.46503' height='250.0' thickness='25.0' pattern='hatchUp'/>
  <wall id='wall2' wallAtStart='wall0' wallAtEnd='wall23' xStart='763.37823' yStart='877.33765' xEnd='763.37823' yEnd='532.0707' height='250.0' thickness='25.0' pattern='hatchUp'/>
  <wall id='wall3' wallAtStart='wall4' xStart='265.69858' yStart='-103.663635' xEnd='265.69858' yEnd='-63.51796' height='100.0' thickness='10.0' pattern='hatchUp'/>
  <wall id='wall4' wallAtStart='wall3' wallAtEnd='wall5' xStart='265.69858' yStart='-103.663635' xEnd='573.5675' yEnd='-103.52292' height='100.0' thickness='10.0' pattern='hatchUp'/>
  <wall id='wall5' wallAtStart='wall4' wallAtEnd='wall6' xStart='573.5675' yStart='-103.52292' xEnd='573.5675' yEnd='-63.51796' height='100.0' thickness='10.0' pattern='hatchUp'/>
  <wall id='wall6' wallAtStart='wall5' wallAtEnd='wall12' xStart='573.5675' yStart='-63.51796' xEnd='1083.5675' yEnd='-63.51796' height='100.0' thickness='10.0' pattern='hatchUp'/>
  <wall id='wall7' wallAtStart='wall22' wallAtEnd='wall8' xStart='585.256' yStart='34.374825' xEnd='585.256' yEnd='184.46503' height='250.0' thickness='30.0' pattern='hatchUp'/>
  <wall id='wall8' wallAtStart='wall7' wallAtEnd='wall1' xStart='585.256' yStart='184.46503' xEnd='273.88684' yEnd='184.46503' height='250.0' thickness='30.0' pattern='hatchUp'/>
  <wall id='wall9' xStart='275.68906' yStart='170.33038' xEnd='275.68906' yEnd='-73.66962' height='250.0' thickness='30.0' pattern='hatchUp'/>
  <wall id='wall10' xStart='592.8879' yStart='199.3789' xEnd='592.8879' yEnd='877.33765' height='250.0' thickness='15.0' pattern='hatchUp'/>
  <wall id='wall11' xStart='1098.5073' yStart='532.0707' xEnd='1098.5073' yEnd='34.374825' height='250.0' thickness='15.0' pattern='hatchUp'/>
  <wall id='wall12' wallAtStart='wall6' xStart='1083.5675' yStart='-63.51796' xEnd='1083.5675' yEnd='34.374825' height='100.0' thickness='10.0' pattern='hatchUp'/>
  <wall id='wall13' xStart='275.68906' yStart='707.56085' xEnd='592.8879' yEnd='707.56085' height='250.0' thickness='15.0' pattern='hatchUp'/>
  <wall id='wall14' wallAtEnd='wall15' xStart='1586.2319' yStart='34.374825' xEnd='1586.2319' yEnd='447.2046' height='250.0' thickness='30.0' pattern='hatchUp'/>
  <wall id='wall15' wallAtStart='wall14' wallAtEnd='wall16' xStart='1586.2319' yStart='447.2046' xEnd='1234.7319' yEnd='447.2046' height='250.0' thickness='15.0' pattern='hatchUp'/>
  <wall id='wall16' wallAtStart='wall15' wallAtEnd='wall17' xStart='1234.7319' yStart='447.2046' xEnd='1234.7319' yEnd='652.034' height='250.0' thickness='15.0' pattern='hatchUp'/>
  <wall id='wall17' wallAtStart='wall16' wallAtEnd='wall18' xStart='1234.7319' yStart='652.034' xEnd='1064.9023' yEnd='652.034' height='250.0' thickness='25.0' pattern='hatchUp'/>
  <wall id='wall18' wallAtStart='wall17' xStart='1064.9023' yStart='652.034' xEnd='1064.9023' yEnd='532.0707' height='250.0' thickness='25.0' pattern='hatchUp'/>
  <wall id='wall19' wallAtEnd='wall20' xStart='1234.7319' yStart='652.034' xEnd='1586.2319' yEnd='652.034' height='250.0' thickness='25.0' pattern='hatchUp'/>
  <wall id='wall20' wallAtStart='wall19' xStart='1586.2319' yStart='652.034' xEnd='1586.2319' yEnd='447.2046' height='250.0' thickness='30.0' pattern='hatchUp'/>
  <wall id='wall21' wallAtStart='wall28' xStart='1777.4512' yStart='640.6805' xEnd='1586.2319' yEnd='640.6805' height='100.0' thickness='10.0' pattern='hatchUp'/>
  <wall id='wall22' wallAtStart='wall24' wallAtEnd='wall7' xStart='1083.5675' yStart='34.374825' xEnd='585.256' yEnd='34.374825' height='250.0' thickness='30.0' pattern='hatchUp'/>
  <wall id='wall23' wallAtStart='wall2' xStart='763.37823' yStart='532.0707' xEnd='1106.3782' yEnd='532.0707' height='250.0' thickness='25.0' pattern='hatchUp'/>
  <wall id='wall24' wallAtEnd='wall22' xStart='1783.5798' yStart='34.374825' xEnd='1083.5675' yEnd='34.374825' height='250.0' thickness='30.0' pattern='hatchUp'/>
  <wall id='wall25' xStart='1768.7142' yStart='49.269714' xEnd='1768.7142' yEnd='124.269714' height='250.0' thickness='30.0' pattern='hatchUp'/>
  <wall id='wall26' xStart='1778.8655' yStart='124.269714' xEnd='1777.4512' yEnd='464.2697' height='100.0' thickness='10.0' pattern='hatchUp'/>
  <wall id='wall27' xStart='1767.4613' yStart='464.2123' xEnd='1767.4613' yEnd='564.2123' height='250.0' thickness='30.0' pattern='hatchUp'/>
  <wall id='wall28' wallAtStart='wall21' xStart='1777.4512' yStart='640.6805' xEnd='1777.4512' yEnd='558.77924' height='100.0' thickness='10.0' pattern='hatchUp'/>
  <room name='Dormitor'>
    <texture attribute='floorTexture' name='Oak' creator='Emmanuel Puybaret' catalogId='Puybaret#oak2' width='40.0' height='80.0' image='83'/>
    <point x='585.3879' y='199.46503'/>
    <point x='585.3879' y='700.06085'/>
    <point x='285.59744' y='700.06085'/>
    <point x='285.5974' y='199.46503'/>
  </room>
  <room name='Baie'>
    <texture attribute='floorTexture' name='Dark blue tiles' creator='eTeks' catalogId='eTeks#darkBlueTile' width='33.5' height='33.5' image='84'/>
    <point x='585.3879' y='715.06085'/>
    <point x='585.3879' y='864.83765'/>
    <point x='285.59744' y='864.83765'/>
    <point x='285.59744' y='715.06085'/>
  </room>
  <room name='Dormitor'>
    <texture attribute='floorTexture' name='Oak' creator='Emmanuel Puybaret' catalogId='Puybaret#oak2' width='40.0' height='80.0' image='83'/>
    <point x='1571.2319' y='49.374825'/>
    <point x='1571.2319' y='439.7046'/>
    <point x='1227.2319' y='439.7046'/>
    <point x='1227.2319' y='639.534'/>
    <point x='1077.4023' y='639.534'/>
    <point x='1077.4023' y='544.5707'/>
    <point x='1106.3782' y='544.5707'/>
    <point x='1106.3782' y='519.5707'/>
    <point x='1106.0073' y='519.5707'/>
    <point x='1106.0073' y='49.374825'/>
  </room>
  <room name='Baie'>
    <texture attribute='floorTexture' name='Dark blue tiles' creator='eTeks' catalogId='eTeks#darkBlueTile' width='33.5' height='33.5' image='84'/>
    <point x='1571.2319' y='454.7046'/>
    <point x='1571.2319' y='639.534'/>
    <point x='1242.2319' y='639.534'/>
    <point x='1242.2319' y='454.7046'/>
  </room>
  <room name='Terasa'>
    <texture attribute='floorTexture' name='Grey tiles' creator='eTeks' catalogId='eTeks#greyTile' width='31.5' height='31.5' image='85'/>
    <point x='270.69858' y='-98.66135'/>
    <point x='568.5675' y='-98.52521'/>
    <point x='568.5675' y='-58.51796'/>
    <point x='1078.5675' y='-58.51796'/>
    <point x='1078.5675' y='19.374825'/>
    <point x='570.256' y='19.374825'/>
    <point x='570.256' y='169.46503'/>
    <point x='290.68906' y='169.46503'/>
    <point x='290.68906' y='-73.66962'/>
    <point x='270.69858' y='-73.66962'/>
  </room>
  <room areaVisible='true'>
    <texture attribute='floorTexture' name='Grey tiles' creator='eTeks' catalogId='eTeks#greyTile' width='31.5' height='31.5' image='85'/>
    <point x='1753.7142' y='49.374825'/>
    <point x='1753.7142' y='124.269714'/>
    <point x='1773.8654' y='124.269714'/>
    <point x='1772.4513' y='464.2123'/>
    <point x='1752.4613' y='464.2123'/>
    <point x='1752.4613' y='564.2123'/>
    <point x='1772.4512' y='564.2123'/>
    <point x='1772.4512' y='635.6805'/>
    <point x='1601.2319' y='635.6805'/>
    <point x='1601.2319' y='454.7046'/>
    <point x='1601.2319' y='49.374825'/>
  </room>
  <room name='Hol'>
    <texture attribute='floorTexture' name='Oak' creator='Emmanuel Puybaret' catalogId='Puybaret#oak2' width='40.0' height='80.0' image='83'/>
    <point x='600.3879' y='864.83765'/>
    <point x='750.87823' y='864.83765'/>
    <point x='750.87823' y='519.5707'/>
    <point x='600.256' y='519.5707'/>
  </room>
  <room name='Living'>
    <texture attribute='floorTexture' name='Oak' creator='Emmanuel Puybaret' catalogId='Puybaret#oak2' width='40.0' height='80.0' image='83'/>
    <point x='600.256' y='519.5707'/>
    <point x='600.256' y='447.2046'/>
    <point x='666.256' y='447.2046'/>
    <point x='780.756' y='248.88477'/>
    <point x='802.756' y='248.88477'/>
    <point x='802.756' y='49.374825'/>
    <point x='1091.0073' y='49.374825'/>
    <point x='1091.0073' y='519.5707'/>
  </room>
  <room name='Bucatarie'>
    <texture attribute='floorTexture' name='Red tiles' creator='eTeks' catalogId='eTeks#redTiles' width='40.0' height='40.0' image='86'/>
    <point x='600.256' y='447.2046'/>
    <point x='666.256' y='447.2046'/>
    <point x='780.756' y='248.88477'/>
    <point x='802.756' y='248.88477'/>
    <point x='802.756' y='49.374825'/>
    <point x='600.256' y='49.374825'/>
  </room>
</home>