<?xml version='1.0'?>
<home version='6000' exportFlags='17' name='Model.sh3d' camera='topCamera' wallHeight='250.0'>
  <environment groundColor='00A8A8A8' skyColor='00CCE4FC' lightColor='00BCBCBC'/>
  <observerCamera attribute='observerCamera' lens='PINHOLE' x='340.19952' y='536.7825' z='170.0' yaw='2.2980807' pitch='0.76420367' fieldOfView='1.0995575' time='1589112000000'/>
  <camera attribute='topCamera' lens='PINHOLE' x='-716.7396' y='1338.4604' z='1970.5332' yaw='117.39378' pitch='0.7899997' fieldOfView='1.0995575' time='1589112000000'/>
  <doorOrWindow catalogId='eTeks#openDoor' name='Open door' creator='eTeks' model='2' x='484.2173' y='837.5664' angle='1.5707964' width='91.5' depth='68.0' height='208.5' modelMirrored='true' modelSize='14055' movable='false' cutOutShape='M0,0 v1 h1 v-1 z' wallCutOutOnBothSides='true'>
    <texture name='Poplar' creator='Emmanuel Puybaret' width='40.0' height='80.0' image='3'/>
  </doorOrWindow>
  <doorOrWindow catalogId='eTeks#openDoor' name='Open door' creator='eTeks' model='2' x='487.42224' y='968.7123' angle='1.5707964' width='80.0' depth='59.453552' height='208.5' modelSize='14055' movable='false' cutOutShape='M0,0 v1 h1 v-1 z' wallCutOutOnBothSides='true'>
    <texture name='Poplar' creator='Emmanuel Puybaret' width='40.0' height='80.0' image='3'/>
  </doorOrWindow>
  <doorOrWindow catalogId='eTeks#openDoor' name='Open door' creator='eTeks' model='2' x='1050.0674' y='334.2258' angle='4.712389' width='91.5' depth='68.0' height='208.5' modelMirrored='true' modelSize='14055' movable='false' cutOutShape='M0,0 v1 h1 v-1 z' wallCutOutOnBothSides='true'>
    <texture name='Poplar' creator='Emmanuel Puybaret' width='40.0' height='80.0' image='3'/>
  </doorOrWindow>
  <doorOrWindow catalogId='Kator Legaz#exterior-door-05' name='Exterior door' creator='Kator Legaz' model='5/exterior-door-05.obj' x='603.0954' y='1082.8695' angle='3.1415927' width='99.0' depth='30.834084' height='205.0' modelSize='119396' movable='false' cutOutShape='M0,0 v1 h1 v-1 z' wallCutOutOnBothSides='true'/>
  <doorOrWindow catalogId='eTeks#window85x123' name='Small window' creator='eTeks' model='7' x='661.8037' y='245.08351' elevation='87.0' angle='3.1415927' width='127.0' depth='40.80075' height='134.0' modelSize='9333' movable='false' cutOutShape='M0,0 v1 h1 v-1 z' wallCutOutOnBothSides='true'/>
  <doorOrWindow catalogId='OlaKristianHoff#door_window_thick_double' name='Double door window' creator='Ola-Kristian Hoff' model='9/door_window_thick_double.obj' x='364.40088' y='403.26627' elevation='11.0' angle='1.7484555E-7' width='160.0' depth='35.38537' height='210.0' modelSize='18336' movable='false' cutOutShape='M0,0 v1 h1 v-1 z' wallCutOutOnBothSides='true'/>
  <doorOrWindow catalogId='OlaKristianHoff#door_window_thick_double' name='Double door window' creator='Ola-Kristian Hoff' model='9/door_window_thick_double.obj' x='805.3037' y='253.1758' elevation='11.0' angle='1.7484555E-7' width='160.0' depth='35.38537' height='210.0' modelSize='18336' movable='false' cutOutShape='M0,0 v1 h1 v-1 z' wallCutOutOnBothSides='true'/>
  <doorOrWindow catalogId='eTeks#window85x123' name='Small window' creator='eTeks' model='7' x='1515.961' y='714.0559' elevation='87.0' angle='4.712389' width='80.0' depth='40.80075' height='134.0' modelSize='9333' movable='false' cutOutShape='M0,0 v1 h1 v-1 z' wallCutOutOnBothSides='true'/>
  <doorOrWindow catalogId='eTeks#fixedWindow85x123' name='Fixed window' creator='eTeks' model='11' x='1616.6832' y='240.15834' elevation='87.0' angle='1.7484555E-7' width='100.0' depth='30.00075' height='134.0' modelSize='2198' movable='false' cutOutShape='M0,0 v1 h1 v-1 z' wallCutOutOnBothSides='true'/>
  <doorOrWindow catalogId='OlaKristianHoff#door_window_thick_double' name='Double door window' creator='Ola-Kristian Hoff' model='9/door_window_thick_double.obj' x='1507.8688' y='521.65045' elevation='11.0' angle='1.5707964' width='160.0' depth='35.38537' height='210.0' modelSize='18336' movable='false' cutOutShape='M0,0 v1 h1 v-1 z' wallCutOutOnBothSides='true'/>
  <furnitureGroup name='Group -1-' x='314.74817' y='586.35846' angle='4.712389' width='234.8092' depth='200.0' height='76.5'>
    <pieceOfFurniture catalogId='Blend Swap CC-0#bedsideTable2' name='Bedside table' creator='Nhumrod' model='13/bedsideTable2.obj' x='238.79816' y='493.25385' angle='4.712389' width='48.600002' depth='48.100002' height='45.4' modelSize='39241'/>
    <pieceOfFurniture catalogId='Blend Swap CC-0#bedsideTable2' name='Bedside table' creator='Nhumrod' model='13/bedsideTable2.obj' x='238.79816' y='679.4631' angle='4.712389' width='48.600002' depth='48.100002' height='45.4' modelSize='39241'/>
    <pieceOfFurniture catalogId='Blend Swap CC-0#bedWithTexture' name='Bed' creator='Nhumrod' model='15/bedWithTexture.obj' x='314.74817' y='584.9705' angle='4.712389' width='160.0' depth='200.0' height='76.5' modelSize='2024020'/>
  </furnitureGroup>
  <pieceOfFurniture catalogId='Scopia#wall-flat-tv' name='Wall flat TV' creator='Scopia' model='17/wall-flat-tv.obj' x='504.26697' y='578.9808' elevation='100.0' angle='1.5707964' width='102.8' depth='10.900001' height='65.9' modelSize='36766'/>
  <furnitureGroup name='Group -1-' x='1290.9081' y='355.16138' angle='1.7484555E-7' width='234.8092' depth='200.00609' height='76.5'>
    <pieceOfFurniture catalogId='Blend Swap CC-0#bedsideTable2' name='Bedside table' creator='Nhumrod' model='13/bedsideTable2.obj' x='1384.0128' y='279.2146' angle='1.7484555E-7' width='48.600002' depth='48.100002' height='45.4' modelSize='39241'/>
    <pieceOfFurniture catalogId='Blend Swap CC-0#bedsideTable2' name='Bedside table' creator='Nhumrod' model='13/bedsideTable2.obj' x='1197.8036' y='279.2083' angle='1.7484555E-7' width='48.600002' depth='48.100002' height='45.4' modelSize='39241'/>
    <pieceOfFurniture catalogId='Blend Swap CC-0#bedWithTexture' name='Bed' creator='Nhumrod' model='15/bedWithTexture.obj' x='1292.2961' y='355.1644' angle='1.7484555E-7' width='160.0' depth='200.0' height='76.5' modelSize='2024020'/>
  </furnitureGroup>
  <pieceOfFurniture catalogId='Scopia#wall-flat-tv' name='Wall flat TV' creator='Scopia' model='17/wall-flat-tv.obj' x='1320.0114' y='616.61505' elevation='100.0' angle='3.1415927' width='90.0' depth='9.542801' height='63.7' modelSize='36766'/>
  <pieceOfFurniture catalogId='OlaKristianHoff#washer_dryer' name='Washer dryer' creator='Ola-Kristian Hoff' model='19/washer_dryer.obj' x='333.14355' y='938.76556' width='59.5' depth='55.0' height='85.0' modelSize='81910'/>
  <pieceOfFurniture catalogId='LucaPresidente#mobilettoSpecchioBlu' name='Mirror' creator='LucaPresidente' model='21/mobilettoSpecchioBlu.obj' x='399.09' y='919.78925' elevation='110.0' width='70.0' depth='12.5' height='60.0' modelMirrored='true' modelSize='42140'/>
  <pieceOfFurniture catalogId='LucaPresidente#mobilettoLavaboWenge' name='Washbasin with cabinet' creator='LucaPresidente' model='23/mobilettoLavaboWenge.obj' x='1358.2118' y='826.2729' angle='3.1415925' width='81.0' depth='42.5' height='101.3' modelMirrored='true' modelSize='352939'/>
  <pieceOfFurniture catalogId='LucaPresidente#mobilettoSpecchioBlu' name='Mirror' creator='LucaPresidente' model='21/mobilettoSpecchioBlu.obj' x='1357.4481' y='841.2729' elevation='110.0' angle='3.1415925' width='70.0' depth='12.5' height='60.0' modelMirrored='true' modelSize='42140'/>
  <pieceOfFurniture catalogId='eTeks#toiletUnit' name='Toilet unit' creator='eTeks' model='25' x='1451.7589' y='807.2158' angle='3.1415927' width='40.0' depth='80.0' height='62.0' modelSize='125874' movable='false'/>
  <pieceOfFurniture catalogId='LucaPresidente#doccia' name='Shower cabin' creator='LucaPresidente' model='27/doccia.obj' x='1250.561' y='676.3865' angle='1.7484555E-7' width='80.0' depth='80.0' height='237.14285' modelRotation='-1 0 0 0 1 0 0 0 -1' modelSize='152895'/>
  <pieceOfFurniture catalogId='eTeks#bath' name='Bath' creator='eTeks' model='29' x='1399.0569' y='672.8865' width='163.0' depth='73.0' height='57.0' modelRotation='0 0 -1 0 1 0 1 0 0' modelSize='139580' movable='false'/>
  <pieceOfFurniture catalogId='Scopia#silla_teca' name='Teck chair' creator='Scopia' model='31/silla_teca.obj' x='260.80707' y='160.0296' angle='4.712389' width='49.5' depth='57.600002' height='84.0' modelRotation='0 0 -1 0 1 0 1 0 0' modelSize='28947'/>
  <pieceOfFurniture catalogId='Pencilart#table_footrest' name='Table' creator='Pencilart' model='33/table.obj' x='353.8056' y='198.96577' width='75.0' depth='126.0' height='32.5' modelSize='9116'/>
  <pieceOfFurniture catalogId='Scopia#silla_teca' name='Teck chair' creator='Scopia' model='31/silla_teca.obj' x='260.80707' y='237.65285' angle='4.712389' width='49.5' depth='57.600002' height='84.0' modelRotation='0 0 -1 0 1 0 1 0 0' modelSize='28947'/>
  <pieceOfFurniture catalogId='Scopia#silla_teca' name='Teck chair' creator='Scopia' model='31/silla_teca.obj' x='355.79608' y='308.9655' angle='3.1415927' width='49.5' depth='57.600002' height='84.0' modelMirrored='true' modelRotation='0 0 -1 0 1 0 1 0 0' modelSize='28947'/>
  <pieceOfFurniture catalogId='Scopia#silla_teca' name='Teck chair' creator='Scopia' model='31/silla_teca.obj' x='442.62558' y='162.6637' angle='1.5707964' width='49.5' depth='57.600002' height='84.0' modelMirrored='true' modelRotation='0 0 -1 0 1 0 1 0 0' modelSize='28947'/>
  <pieceOfFurniture catalogId='Sophie#barbecue' name='Barbecue' creator='Sophie' model='35/barbecue.obj' x='262.4952' y='325.93576' angle='3.926991' width='39.2' depth='48.4' height='50.9' modelSize='122119'/>
  <pieceOfFurniture catalogId='Blend Swap CC-0#decorativePlant' name='Decorative plant' creator='MZiemys' model='37/decorativePlant.obj' x='465.0275' y='355.47394' angle='3.1415927' width='55.9' depth='60.2' height='103.1' modelSize='2077347'/>
  <pieceOfFurniture catalogId='Scopia#silla_teca' name='Teck chair' creator='Scopia' model='31/silla_teca.obj' x='1572.9875' y='413.15677' angle='4.712389' width='49.5' depth='57.600002' height='84.0' modelRotation='0 0 -1 0 1 0 1 0 0' modelSize='28947'/>
  <pieceOfFurniture catalogId='Scopia#silla_teca' name='Teck chair' creator='Scopia' model='31/silla_teca.obj' x='1572.9875' y='335.53354' angle='4.712389' width='49.5' depth='57.600002' height='84.0' modelRotation='0 0 -1 0 1 0 1 0 0' modelSize='28947'/>
  <pieceOfFurniture catalogId='Pencilart#table_footrest' name='Table' creator='Pencilart' model='33/table.obj' x='1644.0342' y='376.31305' angle='1.5707964' width='150.0' depth='34.0' height='32.5' modelSize='9116'/>
  <pieceOfFurniture catalogId='Dingenskirchen#pinewoodRackMediumHeight' name='Pinewood rack medium height' creator='Dingenskirchen' model='39/pinewoodRackMediumHeight.obj' x='660.1074' y='977.4084' angle='1.5707964' width='120.0' depth='30.2' height='143.0' modelSize='33747'/>
  <pieceOfFurniture catalogId='eTeks#fridgeFreezer' name='Fridge &amp; Freezer' creator='eTeks' model='41' x='554.7169' y='633.5793' angle='4.712389' width='60.0' depth='60.0' height='221.0' modelSize='26363'/>
  <pieceOfFurniture catalogId='Pencilart#dishwasher' name='Dishwasher' creator='Pencilart' model='43/dishwasher.obj' x='554.5851' y='363.57974' angle='4.712389' width='60.0' depth='60.0' height='100.0' modelSize='9467'/>
  <pieceOfFurniture catalogId='Omari#cassetti_cucina_45x60' name='Red drawers' creator='Ben Omari' model='45/cassetti_cucina_45x60_Scene.obj' x='554.7169' y='521.0798' angle='4.712389' width='45.0' depth='60.0' height='100.6' modelSize='6415'/>
  <pieceOfFurniture catalogId='Omari#cassetti_cucina_45x60' name='Red drawers' creator='Ben Omari' model='45/cassetti_cucina_45x60_Scene.obj' x='554.7169' y='476.07974' angle='4.712389' width='45.0' depth='60.0' height='100.6' modelSize='6415'/>
  <pieceOfFurniture catalogId='Pencilart#stove1' name='Stove' creator='Pencilart' model='47/stove1.obj' x='554.7169' y='423.57974' angle='4.712389' width='60.0' depth='60.0' height='125.0' modelSize='245209'/>
  <pieceOfFurniture catalogId='Omari#cassetti_cucina_45x60' name='Red drawers' creator='Ben Omari' model='45/cassetti_cucina_45x60_Scene.obj' x='554.2169' y='575.0798' angle='4.712389' width='63.0' depth='59.0' height='100.6' modelSize='6415'/>
  <pieceOfFurniture catalogId='LucaPresidente#lavello' name='Sink' creator='LucaPresidente' model='49/lavello.obj' x='624.432' y='297.1839' angle='3.141593' width='80.0' depth='63.4' height='121.0' modelSize='970849'/>
  <pieceOfFurniture catalogId='Omari#cassetti_cucina_45x60' name='Red drawers' creator='Ben Omari' model='45/cassetti_cucina_45x60_Scene.obj' x='555.432' y='299.7157' angle='4.712389' width='64.0' depth='62.0' height='100.6' modelSize='6415'/>
  <pieceOfFurniture catalogId='LucaPresidente#pensileDoppio' name='Upper cabinet' creator='LucaPresidente' model='51/pensileDoppio.obj' x='546.0867' y='562.1887' elevation='160.0' angle='4.712389' width='80.0' depth='40.0' height='60.0' modelSize='504301'/>
  <pieceOfFurniture catalogId='LucaPresidente#pensileDoppio' name='Upper cabinet' creator='LucaPresidente' model='51/pensileDoppio.obj' x='546.08655' y='488.18872' elevation='160.0' angle='4.712389' width='68.0' depth='40.0' height='60.0' modelSize='504301'/>
  <pieceOfFurniture catalogId='eTeks#hood' name='Hood' creator='eTeks' model='53' x='553.2169' y='423.68872' elevation='156.0' angle='4.712389' width='61.0' depth='57.0' height='94.0' modelSize='10536'/>
  <pieceOfFurniture catalogId='LucaPresidente#pensileDoppio' name='Upper cabinet' creator='LucaPresidente' model='51/pensileDoppio.obj' x='544.5851' y='359.18872' elevation='160.0' angle='4.712389' width='68.0' depth='40.0' height='60.0' modelSize='504301'/>
  <pieceOfFurniture catalogId='LucaPresidente#pensileDoppio' name='Upper cabinet' creator='LucaPresidente' model='51/pensileDoppio.obj' x='544.5851' y='299.4839' elevation='160.0' angle='4.712389' width='68.0' depth='40.0' height='60.0' modelSize='504301'/>
  <pieceOfFurniture catalogId='eTeks#railing' name='Railing' creator='eTeks' model='55' x='242.31' y='103.43624' elevation='10.0' width='96.9' depth='5.0' height='90.0' modelSize='6781' movable='false'/>
  <pieceOfFurniture catalogId='eTeks#railing' name='Railing' creator='eTeks' model='55' x='340.0156' y='103.43626' elevation='10.0' width='98.0' depth='5.0' height='90.0' modelSize='6781' movable='false'/>
  <pieceOfFurniture catalogId='eTeks#railing' name='Railing' creator='eTeks' model='55' x='441.30508' y='103.43626' elevation='10.0' width='104.0' depth='5.0' height='90.0' modelSize='6781' movable='false'/>
  <pieceOfFurniture catalogId='eTeks#railing' name='Railing' creator='eTeks' model='55' x='194.93954' y='149.16296' elevation='10.0' angle='1.5707964' width='94.4' depth='5.0' height='90.0' modelSize='6781' movable='false'/>
  <pieceOfFurniture catalogId='eTeks#railing' name='Railing' creator='eTeks' model='55' x='736.44745' y='147.90173' elevation='10.0' width='104.0' depth='5.0' height='90.0' modelSize='6781' movable='false'/>
  <pieceOfFurniture catalogId='eTeks#railing' name='Railing' creator='eTeks' model='55' x='635.15784' y='147.90173' elevation='10.0' width='98.0' depth='5.0' height='90.0' modelSize='6781' movable='false'/>
  <pieceOfFurniture catalogId='eTeks#railing' name='Railing' creator='eTeks' model='55' x='537.45215' y='147.90172' elevation='10.0' width='96.9' depth='5.0' height='90.0' modelSize='6781' movable='false'/>
  <pieceOfFurniture catalogId='eTeks#railing' name='Railing' creator='eTeks' model='55' x='954.1933' y='147.95297' elevation='10.0' width='98.0' depth='5.0' height='90.0' modelSize='6781' movable='false'/>
  <pieceOfFurniture catalogId='eTeks#railing' name='Railing' creator='eTeks' model='55' x='847.1641' y='147.82658' elevation='10.0' width='117.0' depth='5.0' height='90.0' modelSize='6781' movable='false'/>
  <pieceOfFurniture catalogId='eTeks#railing' name='Railing' creator='eTeks' model='55' x='1002.9324' y='184.35155' elevation='10.0' angle='1.5707964' width='77.5' depth='5.0' height='90.0' modelSize='6781' movable='false'/>
  <pieceOfFurniture catalogId='eTeks#railing' name='Railing' creator='eTeks' model='55' x='490.78992' y='125.668434' elevation='10.0' angle='1.5707964' width='49.5' depth='5.0' height='90.0' modelSize='6781' movable='false'/>
  <pieceOfFurniture catalogId='eTeks#railing' name='Railing' creator='eTeks' model='55' x='1565.561' y='850.0456' elevation='10.0' width='80.0' widthInPlan='80.00001' depth='5.0' height='90.0' modelSize='6781' movable='false'/>
  <pieceOfFurniture catalogId='eTeks#railing' name='Railing' creator='eTeks' model='55' x='1657.573' y='849.5882' elevation='10.0' width='103.0' depth='5.0' height='90.0' modelSize='6781' movable='false'/>
  <pieceOfFurniture catalogId='eTeks#railing' name='Railing' creator='eTeks' model='55' x='1710.5795' y='808.3585' elevation='10.0' angle='1.5707964' width='89.0' depth='5.0' height='90.0' modelSize='6781' movable='false'/>
  <pieceOfFurniture catalogId='eTeks#railing' name='Railing' creator='eTeks' model='55' x='1712.0795' y='633.3465' elevation='10.0' angle='1.5707964' width='90.0' depth='5.0' height='90.0' modelSize='6781' movable='false'/>
  <pieceOfFurniture catalogId='eTeks#railing' name='Railing' creator='eTeks' model='55' x='1712.0795' y='543.347' elevation='10.0' angle='1.5707964' width='90.0' depth='5.0' height='90.0' modelSize='6781' movable='false'/>
  <pieceOfFurniture catalogId='eTeks#railing' name='Railing' creator='eTeks' model='55' x='1712.0795' y='453.34702' elevation='10.0' angle='1.5707964' width='90.0' depth='5.0' height='90.0' modelSize='6781' movable='false'/>
  <pieceOfFurniture catalogId='eTeks#railing' name='Railing' creator='eTeks' model='55' x='1712.0795' y='363.34702' elevation='10.0' angle='1.5707964' width='90.0' depth='5.0' height='90.0' modelSize='6781' movable='false'/>
  <pieceOfFurniture catalogId='Snduc#bacADouchePlat' name='Shower cubicle' creator='Snduc' model='57' x='255.01335' y='952.26556' width='79.0' depth='82.0' height='6.5' modelRotation='0 0 1 0 1 0 -1 0 0' modelSize='29607' movable='false'/>
  <pieceOfFurniture catalogId='Snduc#pareDouche' name='Shower door' creator='Snduc' model='59' x='299.39355' y='956.26556' elevation='7.0' angle='1.5707964' width='90.0' depth='8.0' height='180.0' modelSize='27129' movable='false'/>
  <pieceOfFurniture catalogId='Scopia#wardrobe1' name='Wardrobe' creator='Scopia' model='61/wardrobe1.obj' x='314.74817' y='872.03925' angle='3.1415927' width='200.0' depth='53.0' height='210.0' modelSize='180682'>
    <texture name='Poplar' creator='Emmanuel Puybaret' width='40.0' height='80.0' image='3'/>
  </pieceOfFurniture>
  <pieceOfFurniture catalogId='Scopia#wardrobe1' name='Wardrobe' creator='Scopia' model='61/wardrobe1.obj' x='241.24817' y='795.1128' angle='4.712389' width='190.0' depth='53.0' height='210.0' modelSize='180682'>
    <texture name='Poplar' creator='Emmanuel Puybaret' width='40.0' height='80.0' image='3'/>
  </pieceOfFurniture>
  <pieceOfFurniture catalogId='eTeks#washbasin' name='Washbasin' creator='eTeks' model='63' x='397.36975' y='936.6119' width='56.0' depth='47.0' height='97.0' modelSize='239991' movable='false'/>
  <pieceOfFurniture catalogId='Scopia#wardrobe1' name='Wardrobe' creator='Scopia' model='61/wardrobe1.obj' x='1468.561' y='347.65833' angle='1.5707964' width='185.0' depth='54.0' height='210.0' modelSize='180682'>
    <texture name='Poplar' creator='Emmanuel Puybaret' width='40.0' height='80.0' image='3'/>
  </pieceOfFurniture>
  <doorOrWindow catalogId='eTeks#openDoor' name='Open door' creator='eTeks' model='2' x='1232.8557' y='761.7582' angle='4.712389' width='80.0' depth='59.45355' height='208.5' modelSize='14055' movable='false' cutOutShape='M0,0 v1 h1 v-1 z' wallCutOutOnBothSides='true'>
    <texture name='Poplar' creator='Emmanuel Puybaret' width='40.0' height='80.0' image='3'/>
  </doorOrWindow>
  <pieceOfFurniture catalogId='Scopia#wardrobe1' name='Wardrobe' creator='Scopia' model='61/wardrobe1.obj' x='1053.561' y='734.7158' angle='4.712389' width='225.0' depth='54.0' height='210.0' modelSize='180682'>
    <texture name='Poplar' creator='Emmanuel Puybaret' width='40.0' height='80.0' image='3'/>
  </pieceOfFurniture>
  <pieceOfFurniture catalogId='Scopia#wardrobe1' name='Wardrobe' creator='Scopia' model='61/wardrobe1.obj' x='1138.061' y='824.7158' angle='3.1415927' width='115.0' depth='45.0' height='210.0' modelSize='180682'>
    <texture name='Poplar' creator='Emmanuel Puybaret' width='40.0' height='80.0' image='3'/>
  </pieceOfFurniture>
  <pieceOfFurniture catalogId='LucaPresidente#mobileCiliegio' name='Wardrobe cherry' creator='LucaPresidente' model='65/mobileCiliegio.obj' x='1081.0288' y='645.5283' width='100.0' depth='50.0' height='210.0' modelSize='58360'>
    <texture name='Poplar' creator='Emmanuel Puybaret' width='40.0' height='80.0' image='3'/>
  </pieceOfFurniture>
  <doorOrWindow catalogId='eTeks#openDoor' name='Open door' creator='eTeks' model='2' x='1162.8868' y='643.9822' width='65.0' depth='48.306015' height='210.0' modelMirrored='true' modelSize='14055' movable='false' cutOutShape='M0,0 v1 h1 v-1 z' wallCutOutOnBothSides='true'>
    <texture name='Poplar' creator='Emmanuel Puybaret' width='40.0' height='80.0' image='3'/>
  </doorOrWindow>
  <pieceOfFurniture catalogId='Blend Swap CC-0#L_shaped_sofa' name='Corner sofa' creator='Nhumrod' model='67/L_shaped_sofa.obj' x='880.614' y='610.4024' angle='4.712389' width='233.7' depth='143.6' height='80.0' modelMirrored='true' modelSize='1671265'/>
  <pieceOfFurniture catalogId='Omari#isola_cicina_150x90' name='Red island' creator='Ben Omari' model='69/isola_cucina_150x90_Scene.obj' x='692.28375' y='519.71124' angle='4.712389' width='271.0' depth='69.0' height='100.0' modelMirrored='true' modelSize='12635'/>
  <pieceOfFurniture catalogId='LucaPresidente#tavolino' name='Coffee table' creator='LucaPresidente' model='71/tavolino.obj' x='947.4915' y='557.9436' angle='1.5707964' width='128.0' depth='44.0' height='27.0' color='FFB6B6B6' modelSize='18215'/>
  <pieceOfFurniture catalogId='LucaPresidente#sgabello' name='Bar stool' creator='LucaPresidente' model='73/sgabello.obj' x='731.3648' y='426.47433' angle='1.5707964' width='32.0' depth='36.0' height='85.0' modelRotation='0 0 -1 0 1 0 1 0 0' modelSize='115864'/>
  <pieceOfFurniture catalogId='LucaPresidente#sgabello' name='Bar stool' creator='LucaPresidente' model='73/sgabello.obj' x='731.3648' y='489.5542' angle='1.5707964' width='32.0' depth='36.0' height='85.0' modelRotation='0 0 -1 0 1 0 1 0 0' modelSize='115864'/>
  <pieceOfFurniture catalogId='LucaPresidente#sgabello' name='Bar stool' creator='LucaPresidente' model='73/sgabello.obj' x='731.36487' y='552.63403' angle='1.5707964' width='32.0' depth='36.0' height='85.0' modelRotation='0 0 -1 0 1 0 1 0 0' modelSize='115864'/>
  <pieceOfFurniture catalogId='LucaPresidente#sgabello' name='Bar stool' creator='LucaPresidente' model='73/sgabello.obj' x='731.36475' y='615.71405' angle='1.5707964' width='32.0' depth='36.0' height='85.0' modelRotation='0 0 -1 0 1 0 1 0 0' modelSize='115864'/>
  <pieceOfFurniture catalogId='Scopia#wall-flat-tv' name='Wall flat TV' creator='Scopia' model='17/wall-flat-tv.obj' x='1004.11774' y='561.78564' elevation='80.0' angle='1.5707964' width='102.8' depth='10.900001' height='65.9' modelMirrored='true' modelSize='36766'/>
  <pieceOfFurniture catalogId='LucaPresidente#water' name='Toilet unit' creator='LucaPresidente' model='75/water.obj' x='429.96704' y='1037.7843' angle='3.1415927' width='36.0' depth='55.7' height='45.3' modelSize='913841'/>
  <pieceOfFurniture catalogId='Omari#cassetti_cucina_45x60' name='Red drawers' creator='Ben Omari' model='45/cassetti_cucina_45x60_Scene.obj' x='694.08575' y='294.9835' angle='1.7484555E-7' width='63.0' depth='59.0' height='100.6' modelSize='6415'/>
  <pieceOfFurniture catalogId='eTeks#armchair2' name='Armchair' creator='eTeks' model='77' x='951.5791' y='423.11566' width='80.0' depth='78.1' height='77.200005' modelSize='33509'/>
  <pieceOfFurniture catalogId='Bettinelli#bureauInfoClair' name='Desk' creator='Gaël Bettinelli' model='79/bureauInfoClair.obj' x='1054.5677' y='481.0064' angle='4.712389' width='100.0' depth='60.0' height='70.0' modelSize='52245'>
    <texture name='Poplar' creator='Emmanuel Puybaret' width='40.0' height='80.0' image='3'/>
  </pieceOfFurniture>
  <pieceOfFurniture catalogId='Scopia#kids_desk_chair' name='Chair' creator='Scopia' model='81/kids_desk_chair.obj' x='1090.9258' y='481.84924' angle='1.5707964' width='53.4' depth='51.9' height='88.3' modelRotation='-1 0 0 0 1 0 0 0 -1' modelSize='1027345'/>
  <pieceOfFurniture catalogId='Kator Legaz#apple-ibook-2001' name='Apple iBook' creator='Kator Legaz' model='83/apple-ibook-2001.obj' x='1043.4019' y='492.17047' elevation='70.0' angle='4.712389' width='28.5' depth='27.2' height='22.9' modelSize='511888'/>
  <pieceOfFurniture catalogId='Geantick#souris' name='Mouse' creator='Geantick' model='85' x='1046.3063' y='462.73065' elevation='70.0' angle='4.712389' width='6.0' depth='10.1' height='2.4' modelRotation='0 0 -1 0 1 0 1 0 0' modelSize='33060'/>
  <light catalogId='MineaCristian#ceiling_lamp_globo_feria' name='Ceiling lamp' creator='MineaCristian' model='87/ceiling_lamp_globo_feria.obj' x='370.07877' y='682.99915' elevation='239.0' width='46.0' depth='46.0' height='11.0' modelSize='110058'/>
  <wall id='wall0' wallAtStart='wall21' wallAtEnd='wall13' xStart='687.70746' yStart='1085.786' xEnd='687.70746' yEnd='739.7524' height='250.0' thickness='25.0' pattern='hatchUp'/>
  <wall id='wall1' wallAtStart='wall12' wallAtEnd='wall2' xStart='509.58508' yStart='250.4835' xEnd='509.58508' yEnd='400.57394' height='250.0' thickness='30.0' pattern='hatchUp'/>
  <wall id='wall2' wallAtStart='wall1' wallAtEnd='wall23' xStart='509.58508' yStart='400.57394' xEnd='199.74814' yEnd='400.57394' height='250.0' thickness='30.0' pattern='hatchUp'/>
  <wall id='wall3' xStart='200.01822' yStart='386.4393' xEnd='200.01822' yEnd='133.43932' height='250.0' thickness='30.0' pattern='hatchUp'/>
  <wall id='wall4' wallAtStart='wall9' xStart='1017.06775' yStart='859.7158' xEnd='1017.06775' yEnd='250.4835' height='250.0' thickness='15.0' pattern='hatchUp'/>
  <wall id='wall5' xStart='200.01822' yStart='906.03925' xEnd='517.2169' yEnd='906.03925' height='250.0' thickness='15.0' pattern='hatchUp'/>
  <wall id='wall6' wallAtEnd='wall7' xStart='1510.561' yStart='250.4835' xEnd='1510.561' yEnd='628.8865' height='250.0' thickness='30.0' pattern='hatchUp'/>
  <wall id='wall7' wallAtStart='wall6' wallAtEnd='wall8' xStart='1510.561' yStart='628.8865' xEnd='1203.061' yEnd='628.8865' height='250.0' thickness='15.0' pattern='hatchUp'/>
  <wall id='wall8' wallAtStart='wall7' wallAtEnd='wall9' xStart='1203.061' yStart='628.8865' xEnd='1203.061' yEnd='859.7158' height='250.0' thickness='15.0' pattern='hatchUp'/>
  <wall id='wall9' wallAtStart='wall8' wallAtEnd='wall4' xStart='1203.061' yStart='859.7158' xEnd='1017.06775' yEnd='859.7158' height='250.0' thickness='25.0' pattern='hatchUp'/>
  <wall id='wall10' wallAtEnd='wall11' xStart='1159.061' yStart='859.7158' xEnd='1510.561' yEnd='859.7158' height='250.0' thickness='25.0' pattern='hatchUp'/>
  <wall id='wall11' wallAtStart='wall10' xStart='1510.561' yStart='859.7158' xEnd='1510.561' yEnd='626.7158' height='250.0' thickness='30.0' pattern='hatchUp'/>
  <wall id='wall12' wallAtEnd='wall1' xStart='1007.8966' yStart='250.4835' xEnd='509.58508' yEnd='250.4835' height='250.0' thickness='30.0' pattern='hatchUp'/>
  <wall id='wall13' wallAtStart='wall0' xStart='687.70746' yStart='739.7524' xEnd='1022.70746' yEnd='739.7524' height='250.0' thickness='25.0' pattern='hatchUp'/>
  <wall id='wall14' xStart='1712.195' yStart='254.65343' xEnd='1712.195' yEnd='329.65366' height='250.0' thickness='30.0' pattern='hatchUp'/>
  <wall id='wall15' xStart='1711.708' yStart='668.8298' xEnd='1711.708' yEnd='768.8298' height='250.0' thickness='30.0' pattern='hatchUp'/>
  <wall id='wall16' xStart='1726.7936' yStart='240.15834' xEnd='980.7936' yEnd='240.15834' height='250.0' thickness='30.0' pattern='hatchUp'/>
  <wall id='wall17' xStart='980.4325' yStart='249.35112' xEnd='1030.4325' yEnd='249.35112' height='250.0' thickness='50.0' pattern='hatchUp'/>
  <wall id='wall18' xStart='473.37775' yStart='751.20795' xEnd='523.37775' yEnd='751.20795' height='250.0' thickness='50.0' pattern='hatchUp'/>
  <wall id='wall19' xStart='474.22607' yStart='250.28163' xEnd='524.2261' yEnd='250.28163' height='250.0' thickness='50.0' pattern='hatchUp'/>
  <wall id='wall20' wallAtStart='wall22' wallAtEnd='wall21' xStart='199.74817' yStart='1085.786' xEnd='517.2169' yEnd='1085.786' height='250.0' thickness='25.0' pattern='hatchUp'/>
  <wall id='wall21' wallAtStart='wall20' wallAtEnd='wall0' xStart='517.2169' yStart='1085.786' xEnd='687.70746' yEnd='1085.786' height='250.0' thickness='25.0' pattern='hatchUp'/>
  <wall id='wall22' wallAtStart='wall20' wallAtEnd='wall23' xStart='199.74817' yStart='1085.786' xEnd='199.74817' yEnd='916.0087' height='250.0' thickness='30.0' pattern='hatchUp'/>
  <wall id='wall23' wallAtStart='wall22' wallAtEnd='wall2' xStart='199.74817' yStart='916.0087' xEnd='199.74814' yEnd='400.57394' height='250.0' thickness='30.0' pattern='hatchUp'/>
  <wall id='wall24' wallAtEnd='wall25' xStart='517.2169' yStart='415.48782' xEnd='517.2169' yEnd='916.0087' height='250.0' thickness='15.0' pattern='hatchUp'/>
  <wall id='wall25' wallAtStart='wall24' xStart='517.2169' yStart='916.0087' xEnd='517.2169' yEnd='1093.4471' height='250.0' thickness='15.0' pattern='hatchUp'/>
  <room areaVisible='true'>
    <texture attribute='floorTexture' name='Oak' creator='Emmanuel Puybaret' width='40.0' height='80.0' image='88'/>
    <point x='214.74814' y='415.57394'/>
    <point x='214.74817' y='898.53925'/>
    <point x='513.4423' y='897.2933'/>
    <point x='509.71692' y='898.53925'/>
    <point x='513.4923' y='897.6998'/>
    <point x='513.4923' y='804.98'/>
    <point x='509.71692' y='804.98'/>
    <point x='509.71692' y='776.20795'/>
    <point x='473.37775' y='776.20795'/>
    <point x='473.37775' y='726.20795'/>
    <point x='509.71692' y='726.20795'/>
    <point x='509.71692' y='415.57394'/>
  </room>
  <room areaVisible='true'>
    <texture attribute='floorTexture' name='Beige tiles' creator='Ola-Kristian Hoff' width='32.0' height='32.0' image='89'/>
    <point x='214.74817' y='913.53925'/>
    <point x='214.74817' y='1073.286'/>
    <point x='509.71692' y='1073.286'/>
    <point x='509.71692' y='1011.61774'/>
    <point x='513.021' y='1011.61774'/>
    <point x='513.021' y='930.39795'/>
    <point x='509.71692' y='930.39795'/>
    <point x='509.71692' y='913.53925'/>
  </room>
  <room areaVisible='true'>
    <texture attribute='floorTexture' name='Beige tiles' creator='Ola-Kristian Hoff' width='32.0' height='32.0' image='89'/>
    <point x='1210.561' y='636.3865'/>
    <point x='1210.561' y='721.14825'/>
    <point x='1207.257' y='721.14825'/>
    <point x='1207.2568' y='802.3681'/>
    <point x='1210.561' y='802.3681'/>
    <point x='1210.561' y='847.2158'/>
    <point x='1495.561' y='847.2158'/>
    <point x='1495.561' y='636.3865'/>
  </room>
  <room areaVisible='true' ceilingVisible='false'>
    <texture attribute='floorTexture' name='Grey tiles' creator='eTeks' width='31.5' height='31.5' image='90'/>
    <point x='200.01822' y='103.60209'/>
    <point x='200.01822' y='133.43932'/>
    <point x='215.01822' y='133.43932'/>
    <point x='215.01822' y='385.57394'/>
    <point x='494.58508' y='385.57394'/>
    <point x='494.58508' y='275.28162'/>
    <point x='474.22607' y='275.28162'/>
    <point x='474.22607' y='225.28163'/>
    <point x='524.2261' y='225.28163'/>
    <point x='524.2261' y='235.4835'/>
    <point x='980.4325' y='235.4835'/>
    <point x='980.4325' y='224.35112'/>
    <point x='1002.4325' y='224.35112'/>
    <point x='1002.4325' y='149.35112'/>
    <point x='490.4325' y='149.35112'/>
    <point x='490.4325' y='103.60209'/>
  </room>
  <room areaVisible='true' ceilingVisible='false'>
    <texture attribute='floorTexture' name='Grey tiles' creator='eTeks' width='31.5' height='31.5' image='90'/>
    <point x='1525.561' y='255.15834'/>
    <point x='1697.195' y='255.15834'/>
    <point x='1697.195' y='329.65366'/>
    <point x='1713.195' y='329.65366'/>
    <point x='1713.195' y='668.8298'/>
    <point x='1696.708' y='668.8298'/>
    <point x='1696.708' y='768.8298'/>
    <point x='1713.195' y='768.8298'/>
    <point x='1713.195' y='847.2158'/>
    <point x='1525.561' y='847.2158'/>
  </room>
  <room areaVisible='true'>
    <texture attribute='floorTexture' name='Red tiles' creator='eTeks' catalogId='eTeks#redTiles' width='40.0' height='40.0' image='91'/>
    <point x='524.5851' y='265.4835'/>
    <point x='729.4325' y='265.4835'/>
    <point x='729.4325' y='659.48346'/>
    <point x='523.37775' y='659.48346'/>
  </room>
  <room areaVisible='true'>
    <texture attribute='floorTexture' name='Oak' creator='Emmanuel Puybaret' width='40.0' height='80.0' image='88'/>
    <point x='1030.4325' y='255.15834'/>
    <point x='1030.4325' y='274.35114'/>
    <point x='1024.5677' y='274.35114'/>
    <point x='1024.5677' y='287.86584'/>
    <point x='1020.79236' y='287.86584'/>
    <point x='1020.79236' y='380.58575'/>
    <point x='1024.5677' y='380.58575'/>
    <point x='1024.5677' y='847.2158'/>
    <point x='1195.561' y='847.2158'/>
    <point x='1195.561' y='801.92883'/>
    <point x='1207.3069' y='801.92883'/>
    <point x='1207.307' y='721.5875'/>
    <point x='1195.561' y='721.5875'/>
    <point x='1195.561' y='621.3865'/>
    <point x='1495.561' y='621.3865'/>
    <point x='1495.561' y='255.15834'/>
  </room>
  <room areaVisible='true'>
    <texture attribute='floorTexture' name='Oak' creator='Emmanuel Puybaret' width='40.0' height='80.0' image='88'/>
    <point x='524.7169' y='1073.286'/>
    <point x='675.20746' y='1073.286'/>
    <point x='675.20746' y='727.2524'/>
    <point x='1009.56775' y='727.2524'/>
    <point x='1009.56775' y='274.35114'/>
    <point x='980.4325' y='274.35114'/>
    <point x='980.4325' y='265.48352'/>
    <point x='729.4325' y='265.4835'/>
    <point x='729.4325' y='659.48346'/>
    <point x='523.37775' y='659.48346'/>
  </room>
</home>