<?xml version='1.0'?>
<home version='6000' exportFlags='17' name='Model.sh3d' camera='topCamera' wallHeight='250.0'>
  <environment groundColor='00A8A8A8' skyColor='00CCE4FC' lightColor='00D0D0D0'/>
  <observerCamera attribute='observerCamera' lens='PINHOLE' x='50.0' y='50.0' z='170.0' yaw='5.4977875' pitch='0.19634955' fieldOfView='1.0995575' time='1589112000000'/>
  <camera attribute='topCamera' lens='PINHOLE' x='866.0206' y='1014.3318' z='1891.223' yaw='109.88473' pitch='1.3107966' fieldOfView='1.0995575' time='1589112000000'/>
  <doorOrWindow catalogId='eTeks#openDoor' name='Open door' creator='eTeks' model='2' x='360.92764' y='797.40063' angle='1.5707964' width='91.5' depth='68.0' height='208.5' modelMirrored='true' modelSize='14055' movable='false' cutOutShape='M0,0 v1 h1 v-1 z' wallCutOutOnBothSides='true'/>
  <doorOrWindow catalogId='eTeks#openDoor' name='Open door' creator='eTeks' model='2' x='364.13257' y='917.0686' angle='1.5707964' width='80.0' depth='59.453552' height='208.5' modelSize='14055' movable='false' cutOutShape='M0,0 v1 h1 v-1 z' wallCutOutOnBothSides='true'/>
  <doorOrWindow catalogId='eTeks#openDoor' name='Open door' creator='eTeks' model='2' x='932.5465' y='273.10727' angle='4.712389' width='91.5' depth='68.0' height='208.5' modelMirrored='true' modelSize='14055' movable='false' cutOutShape='M0,0 v1 h1 v-1 z' wallCutOutOnBothSides='true'/>
  <doorOrWindow catalogId='Kator Legaz#exterior-door-05' name='Exterior door' creator='Kator Legaz' model='4/exterior-door-05.obj' x='479.80573' y='1028.9302' angle='3.1415927' width='99.0' depth='30.834084' height='205.0' modelSize='119396' movable='false' cutOutShape='M0,0 v1 h1 v-1 z' wallCutOutOnBothSides='true'/>
  <doorOrWindow catalogId='eTeks#window85x123' name='Small window' creator='eTeks' model='6' x='538.51404' y='191.14423' elevation='87.0' angle='3.1415927' width='127.0' depth='40.80075' height='134.0' modelSize='9333' movable='false' cutOutShape='M0,0 v1 h1 v-1 z' wallCutOutOnBothSides='true'/>
  <doorOrWindow catalogId='OlaKristianHoff#door_window_thick_double' name='Double door window' creator='Ola-Kristian Hoff' model='8/door_window_thick_double.obj' x='241.1112' y='349.327' elevation='11.0' angle='1.7484555E-7' width='160.0' depth='35.38537' height='210.0' modelSize='18336' movable='false' cutOutShape='M0,0 v1 h1 v-1 z' wallCutOutOnBothSides='true'/>
  <doorOrWindow catalogId='OlaKristianHoff#door_window_thick_double' name='Double door window' creator='Ola-Kristian Hoff' model='8/door_window_thick_double.obj' x='682.01404' y='199.23653' elevation='11.0' angle='1.7484555E-7' width='160.0' depth='35.38537' height='210.0' modelSize='18336' movable='false' cutOutShape='M0,0 v1 h1 v-1 z' wallCutOutOnBothSides='true'/>
  <doorOrWindow catalogId='eTeks#window85x123' name='Small window' creator='eTeks' model='6' x='1392.6714' y='660.11664' elevation='87.0' angle='4.712389' width='80.0' depth='40.80075' height='134.0' modelSize='9333' movable='false' cutOutShape='M0,0 v1 h1 v-1 z' wallCutOutOnBothSides='true'/>
  <doorOrWindow catalogId='eTeks#fixedWindow85x123' name='Fixed window' creator='eTeks' model='10' x='1493.3936' y='186.21904' elevation='87.0' angle='1.7484555E-7' width='100.0' depth='30.00075' height='134.0' modelSize='2198' movable='false' cutOutShape='M0,0 v1 h1 v-1 z' wallCutOutOnBothSides='true'/>
  <doorOrWindow catalogId='OlaKristianHoff#door_window_thick_double' name='Double door window' creator='Ola-Kristian Hoff' model='8/door_window_thick_double.obj' x='1384.5791' y='467.71118' elevation='11.0' angle='1.5707964' width='160.0' depth='35.38537' height='210.0' modelSize='18336' movable='false' cutOutShape='M0,0 v1 h1 v-1 z' wallCutOutOnBothSides='true'/>
  <furnitureGroup name='Group -1-' x='191.4585' y='532.4192' angle='4.712389' width='234.80923' depth='200.0' height='76.5'>
    <pieceOfFurniture catalogId='Blend Swap CC-0#bedsideTable2' name='Bedside table' creator='Nhumrod' model='12/bedsideTable2.obj' x='115.508484' y='439.31458' angle='4.712389' width='48.600002' depth='48.100002' height='45.4' modelSize='39241'/>
    <pieceOfFurniture catalogId='Blend Swap CC-0#bedsideTable2' name='Bedside table' creator='Nhumrod' model='12/bedsideTable2.obj' x='115.508484' y='625.5238' angle='4.712389' width='48.600002' depth='48.100002' height='45.4' modelSize='39241'/>
    <pieceOfFurniture catalogId='Blend Swap CC-0#bedWithTexture' name='Bed' creator='Nhumrod' model='14/bedWithTexture.obj' x='191.4585' y='531.03125' angle='4.712389' width='160.0' depth='200.0' height='76.5' modelSize='2024020'/>
  </furnitureGroup>
  <pieceOfFurniture catalogId='Scopia#wall-flat-tv' name='Wall flat TV' creator='Scopia' model='16/wall-flat-tv.obj' x='380.97726' y='525.0415' elevation='100.0' angle='1.5707964' width='102.8' depth='10.900001' height='65.9' modelSize='36766'/>
  <furnitureGroup name='Group -1-' x='1167.6184' y='301.2221' angle='1.7484555E-7' width='234.8092' depth='200.00609' height='76.5'>
    <pieceOfFurniture catalogId='Blend Swap CC-0#bedsideTable2' name='Bedside table' creator='Nhumrod' model='12/bedsideTable2.obj' x='1260.7231' y='225.27531' angle='1.7484555E-7' width='48.600002' depth='48.100002' height='45.4' modelSize='39241'/>
    <pieceOfFurniture catalogId='Blend Swap CC-0#bedsideTable2' name='Bedside table' creator='Nhumrod' model='12/bedsideTable2.obj' x='1074.5139' y='225.26906' angle='1.7484555E-7' width='48.600002' depth='48.100002' height='45.4' modelSize='39241'/>
    <pieceOfFurniture catalogId='Blend Swap CC-0#bedWithTexture' name='Bed' creator='Nhumrod' model='14/bedWithTexture.obj' x='1169.0065' y='301.22513' angle='1.7484555E-7' width='160.0' depth='200.0' height='76.5' modelSize='2024020'/>
  </furnitureGroup>
  <pieceOfFurniture catalogId='Scopia#wall-flat-tv' name='Wall flat TV' creator='Scopia' model='16/wall-flat-tv.obj' x='1196.7217' y='562.6758' elevation='100.0' angle='3.1415927' width='90.0' depth='9.542801' height='63.7' modelSize='36766'/>
  <pieceOfFurniture catalogId='eTeks#toiletUnit' name='Toilet unit' creator='eTeks' model='18' x='207.59607' y='979.3468' angle='3.1415927' width='40.0' depth='80.0' height='62.0' modelSize='125874' movable='false'/>
  <pieceOfFurniture catalogId='OlaKristianHoff#washer_dryer' name='Washer dryer' creator='Ola-Kristian Hoff' model='20/washer_dryer.obj' x='356.67728' y='991.8468' angle='3.1415927' width='59.5' depth='55.0' height='85.0' modelSize='81910'/>
  <pieceOfFurniture catalogId='LucaPresidente#mobilettoSpecchioBlu' name='Mirror' creator='LucaPresidente' model='22/mobilettoSpecchioBlu.obj' x='283.34335' y='1013.0968' elevation='110.0' angle='3.1415927' width='70.0' depth='12.5' height='60.0' modelMirrored='true' modelSize='42140'/>
  <pieceOfFurniture catalogId='LucaPresidente#mobilettoLavaboWenge' name='Washbasin with cabinet' creator='LucaPresidente' model='24/mobilettoLavaboWenge.obj' x='1234.9221' y='772.3336' angle='3.1415925' width='81.0' depth='42.5' height='101.3' modelMirrored='true' modelSize='352939'/>
  <pieceOfFurniture catalogId='LucaPresidente#mobilettoSpecchioBlu' name='Mirror' creator='LucaPresidente' model='22/mobilettoSpecchioBlu.obj' x='1234.1584' y='787.3336' elevation='110.0' angle='3.1415925' width='70.0' depth='12.5' height='60.0' modelMirrored='true' modelSize='42140'/>
  <pieceOfFurniture catalogId='eTeks#toiletUnit' name='Toilet unit' creator='eTeks' model='18' x='1234.3088' y='622.4472' angle='1.7484555E-7' width='40.0' depth='80.0' height='62.0' modelSize='125874' movable='false'/>
  <pieceOfFurniture catalogId='LucaPresidente#doccia' name='Shower cabin' creator='LucaPresidente' model='26/doccia.obj' x='1127.2714' y='622.4472' angle='1.7484555E-7' width='80.0' depth='80.0' height='237.14285' modelRotation='-1 0 0 0 1 0 0 0 -1' modelSize='152895'/>
  <pieceOfFurniture catalogId='eTeks#bath' name='Bath' creator='eTeks' model='28' x='1335.7714' y='686.7688' angle='1.5707964' width='163.0' depth='73.0' height='57.0' modelRotation='0 0 -1 0 1 0 1 0 0' modelSize='139580' movable='false'/>
  <pieceOfFurniture catalogId='Scopia#silla_teca' name='Teck chair' creator='Scopia' model='30/silla_teca.obj' x='137.5174' y='106.09032' angle='4.712389' width='49.5' depth='57.600002' height='84.0' modelRotation='0 0 -1 0 1 0 1 0 0' modelSize='28947'/>
  <pieceOfFurniture catalogId='Pencilart#table_footrest' name='Table' creator='Pencilart' model='32/table.obj' x='230.51593' y='145.02649' width='75.0' depth='126.0' height='32.5' modelSize='9116'/>
  <pieceOfFurniture catalogId='Scopia#silla_teca' name='Teck chair' creator='Scopia' model='30/silla_teca.obj' x='137.5174' y='183.71355' angle='4.712389' width='49.5' depth='57.600002' height='84.0' modelRotation='0 0 -1 0 1 0 1 0 0' modelSize='28947'/>
  <pieceOfFurniture catalogId='Scopia#silla_teca' name='Teck chair' creator='Scopia' model='30/silla_teca.obj' x='232.50641' y='255.02625' angle='3.1415927' width='49.5' depth='57.600002' height='84.0' modelMirrored='true' modelRotation='0 0 -1 0 1 0 1 0 0' modelSize='28947'/>
  <pieceOfFurniture catalogId='Scopia#silla_teca' name='Teck chair' creator='Scopia' model='30/silla_teca.obj' x='319.3359' y='108.72441' angle='1.5707964' width='49.5' depth='57.600002' height='84.0' modelMirrored='true' modelRotation='0 0 -1 0 1 0 1 0 0' modelSize='28947'/>
  <pieceOfFurniture catalogId='Sophie#barbecue' name='Barbecue' creator='Sophie' model='34/barbecue.obj' x='139.20554' y='271.9965' angle='3.926991' width='39.2' depth='48.4' height='50.9' modelSize='122119'/>
  <pieceOfFurniture catalogId='Blend Swap CC-0#decorativePlant' name='Decorative plant' creator='MZiemys' model='36/decorativePlant.obj' x='341.73782' y='301.53467' angle='3.1415927' width='55.9' depth='60.2' height='103.1' modelSize='2077347'/>
  <pieceOfFurniture catalogId='Scopia#silla_teca' name='Teck chair' creator='Scopia' model='30/silla_teca.obj' x='1449.6979' y='359.2175' angle='4.712389' width='49.5' depth='57.600002' height='84.0' modelRotation='0 0 -1 0 1 0 1 0 0' modelSize='28947'/>
  <pieceOfFurniture catalogId='Scopia#silla_teca' name='Teck chair' creator='Scopia' model='30/silla_teca.obj' x='1449.6979' y='281.59427' angle='4.712389' width='49.5' depth='57.600002' height='84.0' modelRotation='0 0 -1 0 1 0 1 0 0' modelSize='28947'/>
  <pieceOfFurniture catalogId='Pencilart#table_footrest' name='Table' creator='Pencilart' model='32/table.obj' x='1520.7445' y='322.37378' angle='1.5707964' width='150.0' depth='34.0' height='32.5' modelSize='9116'/>
  <pieceOfFurniture catalogId='Dingenskirchen#pinewoodRackMediumHeight' name='Pinewood rack medium height' creator='Dingenskirchen' model='38/pinewoodRackMediumHeight.obj' x='536.81775' y='923.4691' angle='1.5707964' width='120.0' depth='30.2' height='143.0' modelSize='33747'/>
  <pieceOfFurniture catalogId='Scopia#wall-flat-tv' name='Wall flat TV' creator='Scopia' model='16/wall-flat-tv.obj' x='614.5881' y='620.84937' elevation='100.0' angle='3.926991' width='120.0' depth='12.723736' height='76.92607' modelSize='36766'/>
  <pieceOfFurniture catalogId='eTeks#fridgeFreezer' name='Fridge &amp; Freezer' creator='eTeks' model='40' x='431.42728' y='579.64' angle='4.712389' width='60.0' depth='60.0' height='221.0' modelSize='26363'/>
  <pieceOfFurniture catalogId='Pencilart#dishwasher' name='Dishwasher' creator='Pencilart' model='42/dishwasher.obj' x='431.29538' y='309.64047' angle='4.712389' width='60.0' depth='60.0' height='100.0' modelSize='9467'/>
  <pieceOfFurniture catalogId='Omari#cassetti_cucina_45x60' name='Red drawers' creator='Ben Omari' model='44/cassetti_cucina_45x60_Scene.obj' x='431.42728' y='467.14047' angle='4.712389' width='45.0' depth='60.0' height='100.6' modelSize='6415'/>
  <pieceOfFurniture catalogId='Omari#cassetti_cucina_45x60' name='Red drawers' creator='Ben Omari' model='44/cassetti_cucina_45x60_Scene.obj' x='431.42728' y='422.14047' angle='4.712389' width='45.0' depth='60.0' height='100.6' modelSize='6415'/>
  <pieceOfFurniture catalogId='Pencilart#stove1' name='Stove' creator='Pencilart' model='46/stove1.obj' x='431.42728' y='369.64047' angle='4.712389' width='60.0' depth='60.0' height='125.0' modelSize='245209'/>
  <pieceOfFurniture catalogId='Omari#cassetti_cucina_45x60' name='Red drawers' creator='Ben Omari' model='44/cassetti_cucina_45x60_Scene.obj' x='430.92728' y='521.1405' angle='4.712389' width='63.0' depth='59.0' height='100.6' modelSize='6415'/>
  <pieceOfFurniture catalogId='LucaPresidente#lavello' name='Sink' creator='LucaPresidente' model='48/lavello.obj' x='501.14236' y='243.24461' angle='3.141593' width='80.0' depth='63.4' height='121.0' modelSize='970849'/>
  <pieceOfFurniture catalogId='Omari#cassetti_cucina_45x60' name='Red drawers' creator='Ben Omari' model='44/cassetti_cucina_45x60_Scene.obj' x='432.14236' y='245.77643' angle='4.712389' width='64.0' depth='62.0' height='100.6' modelSize='6415'/>
  <pieceOfFurniture catalogId='LucaPresidente#pensileDoppio' name='Upper cabinet' creator='LucaPresidente' model='50/pensileDoppio.obj' x='422.79697' y='508.24942' elevation='160.0' angle='4.712389' width='80.0' depth='40.0' height='60.0' modelSize='504301'/>
  <pieceOfFurniture catalogId='LucaPresidente#pensileDoppio' name='Upper cabinet' creator='LucaPresidente' model='50/pensileDoppio.obj' x='422.7969' y='434.24945' elevation='160.0' angle='4.712389' width='68.0' depth='40.0' height='60.0' modelSize='504301'/>
  <pieceOfFurniture catalogId='eTeks#hood' name='Hood' creator='eTeks' model='52' x='429.92728' y='369.74945' elevation='156.0' angle='4.712389' width='61.0' depth='57.0' height='94.0' modelSize='10536'/>
  <pieceOfFurniture catalogId='LucaPresidente#pensileDoppio' name='Upper cabinet' creator='LucaPresidente' model='50/pensileDoppio.obj' x='421.29538' y='305.24945' elevation='160.0' angle='4.712389' width='68.0' depth='40.0' height='60.0' modelSize='504301'/>
  <pieceOfFurniture catalogId='LucaPresidente#pensileDoppio' name='Upper cabinet' creator='LucaPresidente' model='50/pensileDoppio.obj' x='421.29538' y='245.5446' elevation='160.0' angle='4.712389' width='68.0' depth='40.0' height='60.0' modelSize='504301'/>
  <pieceOfFurniture catalogId='eTeks#railing' name='Railing' creator='eTeks' model='54' x='119.020325' y='49.496964' elevation='10.0' width='96.9' depth='5.0' height='90.0' modelSize='6781' movable='false'/>
  <pieceOfFurniture catalogId='eTeks#railing' name='Railing' creator='eTeks' model='54' x='216.72592' y='49.49697' elevation='10.0' width='98.0' depth='5.0' height='90.0' modelSize='6781' movable='false'/>
  <pieceOfFurniture catalogId='eTeks#railing' name='Railing' creator='eTeks' model='54' x='318.0154' y='49.49697' elevation='10.0' width='104.0' depth='5.0' height='90.0' modelSize='6781' movable='false'/>
  <pieceOfFurniture catalogId='eTeks#railing' name='Railing' creator='eTeks' model='54' x='71.64987' y='95.22368' elevation='10.0' angle='1.5707964' width='94.4' depth='5.0' height='90.0' modelSize='6781' movable='false'/>
  <pieceOfFurniture catalogId='eTeks#railing' name='Railing' creator='eTeks' model='54' x='613.1578' y='93.96245' elevation='10.0' width='104.0' depth='5.0' height='90.0' modelSize='6781' movable='false'/>
  <pieceOfFurniture catalogId='eTeks#railing' name='Railing' creator='eTeks' model='54' x='511.8682' y='93.96245' elevation='10.0' width='98.0' depth='5.0' height='90.0' modelSize='6781' movable='false'/>
  <pieceOfFurniture catalogId='eTeks#railing' name='Railing' creator='eTeks' model='54' x='414.16245' y='93.96243' elevation='10.0' width='96.9' depth='5.0' height='90.0' modelSize='6781' movable='false'/>
  <pieceOfFurniture catalogId='eTeks#railing' name='Railing' creator='eTeks' model='54' x='830.9036' y='94.01369' elevation='10.0' width='98.0' depth='5.0' height='90.0' modelSize='6781' movable='false'/>
  <pieceOfFurniture catalogId='eTeks#railing' name='Railing' creator='eTeks' model='54' x='723.87445' y='93.88729' elevation='10.0' width='117.0' depth='5.0' height='90.0' modelSize='6781' movable='false'/>
  <pieceOfFurniture catalogId='eTeks#railing' name='Railing' creator='eTeks' model='54' x='879.64264' y='130.41226' elevation='10.0' angle='1.5707964' width='77.5' depth='5.0' height='90.0' modelSize='6781' movable='false'/>
  <pieceOfFurniture catalogId='eTeks#railing' name='Railing' creator='eTeks' model='54' x='367.50027' y='71.72915' elevation='10.0' angle='1.5707964' width='49.5' depth='5.0' height='90.0' modelSize='6781' movable='false'/>
  <pieceOfFurniture catalogId='eTeks#railing' name='Railing' creator='eTeks' model='54' x='1442.2714' y='796.1063' elevation='10.0' width='80.0' widthInPlan='80.00001' depth='5.0' height='90.0' modelSize='6781' movable='false'/>
  <pieceOfFurniture catalogId='eTeks#railing' name='Railing' creator='eTeks' model='54' x='1534.2833' y='795.6489' elevation='10.0' width='103.0' depth='5.0' height='90.0' modelSize='6781' movable='false'/>
  <pieceOfFurniture catalogId='eTeks#railing' name='Railing' creator='eTeks' model='54' x='1587.2898' y='754.41925' elevation='10.0' angle='1.5707964' width='89.0' depth='5.0' height='90.0' modelSize='6781' movable='false'/>
  <pieceOfFurniture catalogId='eTeks#railing' name='Railing' creator='eTeks' model='54' x='1588.7898' y='579.4072' elevation='10.0' angle='1.5707964' width='90.0' depth='5.0' height='90.0' modelSize='6781' movable='false'/>
  <pieceOfFurniture catalogId='eTeks#railing' name='Railing' creator='eTeks' model='54' x='1588.7898' y='489.40775' elevation='10.0' angle='1.5707964' width='90.0' depth='5.0' height='90.0' modelSize='6781' movable='false'/>
  <pieceOfFurniture catalogId='eTeks#railing' name='Railing' creator='eTeks' model='54' x='1588.7898' y='399.40775' elevation='10.0' angle='1.5707964' width='90.0' depth='5.0' height='90.0' modelSize='6781' movable='false'/>
  <pieceOfFurniture catalogId='eTeks#railing' name='Railing' creator='eTeks' model='54' x='1588.7898' y='309.40775' elevation='10.0' angle='1.5707964' width='90.0' depth='5.0' height='90.0' modelSize='6781' movable='false'/>
  <pieceOfFurniture catalogId='Snduc#bacADouchePlat' name='Shower cubicle' creator='Snduc' model='56' x='130.9585' y='976.4204' angle='3.1415927' width='79.0' depth='82.0' height='6.5' modelRotation='0 0 1 0 1 0 -1 0 0' modelSize='29607' movable='false'/>
  <pieceOfFurniture catalogId='Snduc#pareDouche' name='Shower door' creator='Snduc' model='58' x='170.72296' y='974.3468' elevation='7.0' angle='1.5707964' width='90.0' depth='8.0' height='180.0' modelSize='27129' movable='false'/>
  <pieceOfFurniture catalogId='Scopia#wardrobe1' name='Wardrobe' creator='Scopia' model='60/wardrobe1.obj' x='191.4585' y='828.06946' angle='3.1415927' width='200.0' depth='53.0' height='210.0' modelSize='180682'>
    <texture name='Poplar' creator='Emmanuel Puybaret' width='40.0' height='80.0' image='61'/>
  </pieceOfFurniture>
  <pieceOfFurniture catalogId='Scopia#wardrobe1' name='Wardrobe' creator='Scopia' model='60/wardrobe1.obj' x='117.9585' y='749.59064' angle='4.712389' width='200.0' depth='53.0' height='210.0' modelSize='180682'>
    <texture name='Poplar' creator='Emmanuel Puybaret' width='40.0' height='80.0' image='61'/>
  </pieceOfFurniture>
  <pieceOfFurniture catalogId='eTeks#washbasin' name='Washbasin' creator='eTeks' model='63' x='281.6231' y='995.8468' angle='3.1415927' width='56.0' depth='47.0' height='97.0' modelSize='239991' movable='false'/>
  <pieceOfFurniture catalogId='Scopia#wardrobe1' name='Wardrobe' creator='Scopia' model='60/wardrobe1.obj' x='1345.2714' y='293.71906' angle='1.5707964' width='185.0' depth='54.0' height='210.0' modelSize='180682'>
    <texture name='Poplar' creator='Emmanuel Puybaret' width='40.0' height='80.0' image='61'/>
  </pieceOfFurniture>
  <doorOrWindow catalogId='eTeks#openDoor' name='Open door' creator='eTeks' model='2' x='1109.566' y='707.8189' angle='4.712389' width='80.0' depth='59.45355' height='208.5' modelSize='14055' movable='false' cutOutShape='M0,0 v1 h1 v-1 z' wallCutOutOnBothSides='true'/>
  <pieceOfFurniture catalogId='Scopia#wardrobe1' name='Wardrobe' creator='Scopia' model='60/wardrobe1.obj' x='934.7391' y='680.77655' angle='4.712389' width='225.0' depth='54.0' height='210.0' modelSize='180682'>
    <texture name='Poplar' creator='Emmanuel Puybaret' width='40.0' height='80.0' image='61'/>
  </pieceOfFurniture>
  <pieceOfFurniture catalogId='Scopia#wardrobe1' name='Wardrobe' creator='Scopia' model='60/wardrobe1.obj' x='1014.7713' y='770.77655' angle='3.1415927' width='115.0' depth='45.0' height='210.0' modelSize='180682'>
    <texture name='Poplar' creator='Emmanuel Puybaret' width='40.0' height='80.0' image='61'/>
  </pieceOfFurniture>
  <pieceOfFurniture catalogId='LucaPresidente#mobileCiliegio' name='Wardrobe cherry' creator='LucaPresidente' model='65/mobileCiliegio.obj' x='957.7391' y='591.58905' width='100.0' depth='50.0' height='210.0' modelSize='58360'>
    <texture name='Poplar' creator='Emmanuel Puybaret' width='40.0' height='80.0' image='61'/>
  </pieceOfFurniture>
  <doorOrWindow catalogId='eTeks#openDoor' name='Open door' creator='eTeks' model='2' x='1039.5972' y='590.0429' width='65.0' depth='48.306015' height='210.0' modelMirrored='true' modelSize='14055' movable='false' cutOutShape='M0,0 v1 h1 v-1 z' wallCutOutOnBothSides='true'>
    <texture name='Poplar' creator='Emmanuel Puybaret' width='40.0' height='80.0' image='61'/>
  </doorOrWindow>
  <pieceOfFurniture catalogId='Blend Swap CC-0#L_shaped_sofa' name='Corner sofa' creator='Nhumrod' model='67/L_shaped_sofa.obj' x='816.50726' y='556.46313' angle='1.5707964' width='233.7' depth='143.6' height='80.0' modelSize='1671265'/>
  <pieceOfFurniture catalogId='Omari#isola_cicina_150x90' name='Red island' creator='Ben Omari' model='69/isola_cucina_150x90_Scene.obj' x='634.3438' y='371.53333' angle='3.1415927' width='197.0' depth='100.0' height='100.0' modelMirrored='true' modelSize='12635'/>
  <pieceOfFurniture catalogId='LucaPresidente#corner' name='Corner bookcase' creator='LucaPresidente' model='71/corner.obj' x='603.3801' y='632.3131' angle='4.712389' width='82.0' depth='102.0' height='240.0' modelRotation='0 0 1 0 1 0 -1 0 0' modelSize='30529'/>
  <pieceOfFurniture catalogId='LucaPresidente#tavolino' name='Coffee table' creator='LucaPresidente' model='73/tavolino.obj' x='736.77997' y='521.6613' angle='1.5707964' width='71.0' depth='48.0' height='27.0' modelSize='18215'/>
  <pieceOfFurniture catalogId='LucaPresidente#sgabello' name='Bar stool' creator='LucaPresidente' model='75/sgabello.obj' x='570.2264' y='318.84' width='32.0' depth='36.0' height='85.0' modelRotation='0 0 -1 0 1 0 1 0 0' modelSize='115864'/>
  <pieceOfFurniture catalogId='LucaPresidente#sgabello' name='Bar stool' creator='LucaPresidente' model='75/sgabello.obj' x='636.38336' y='317.6078' width='32.0' depth='36.0' height='85.0' modelRotation='0 0 -1 0 1 0 1 0 0' modelSize='115864'/>
  <pieceOfFurniture catalogId='LucaPresidente#sgabello' name='Bar stool' creator='LucaPresidente' model='75/sgabello.obj' x='701.6172' y='317.29868' width='32.0' depth='36.0' height='85.0' modelRotation='0 0 -1 0 1 0 1 0 0' modelSize='115864'/>
  <pieceOfFurniture catalogId='LucaPresidente#sgabello' name='Bar stool' creator='LucaPresidente' model='75/sgabello.obj' x='730.84863' y='373.30118' angle='1.5707964' width='32.0' depth='36.0' height='85.0' modelRotation='0 0 -1 0 1 0 1 0 0' modelSize='115864'/>
  <wall id='wall0' wallAtStart='wall1' wallAtEnd='wall2' xStart='76.458496' yStart='1031.8468' xEnd='564.4178' yEnd='1031.8468' height='250.0' thickness='25.0' pattern='hatchUp'/>
  <wall id='wall1' wallAtStart='wall0' wallAtEnd='wall4' xStart='76.458496' yStart='1031.8468' xEnd='76.458466' yEnd='346.63467' height='250.0' thickness='30.0' pattern='hatchUp'/>
  <wall id='wall2' wallAtStart='wall0' wallAtEnd='wall16' xStart='564.4178' yStart='1031.8468' xEnd='564.4178' yEnd='685.8131' height='250.0' thickness='25.0' pattern='hatchUp'/>
  <wall id='wall3' wallAtStart='wall15' wallAtEnd='wall4' xStart='386.29538' yStart='196.54422' xEnd='386.29538' yEnd='346.63467' height='250.0' thickness='30.0' pattern='hatchUp'/>
  <wall id='wall4' wallAtStart='wall3' wallAtEnd='wall1' xStart='386.29538' yStart='346.63467' xEnd='76.458466' yEnd='346.63467' height='250.0' thickness='30.0' pattern='hatchUp'/>
  <wall id='wall5' xStart='76.728546' yStart='332.50003' xEnd='76.728546' yEnd='79.50003' height='250.0' thickness='30.0' pattern='hatchUp'/>
  <wall id='wall6' xStart='393.92728' yStart='361.54855' xEnd='393.92728' yEnd='1039.5079' height='250.0' thickness='15.0' pattern='hatchUp'/>
  <wall id='wall7' wallAtStart='wall12' xStart='900.2391' yStart='805.77655' xEnd='900.2391' yEnd='196.54422' height='250.0' thickness='15.0' pattern='hatchUp'/>
  <wall id='wall8' xStart='76.728546' yStart='862.06946' xEnd='393.92728' yEnd='862.06946' height='250.0' thickness='15.0' pattern='hatchUp'/>
  <wall id='wall9' wallAtEnd='wall10' xStart='1387.2714' yStart='196.54422' xEnd='1387.2714' yEnd='574.9472' height='250.0' thickness='30.0' pattern='hatchUp'/>
  <wall id='wall10' wallAtStart='wall9' wallAtEnd='wall11' xStart='1387.2714' yStart='574.9472' xEnd='1079.7714' yEnd='574.9472' height='250.0' thickness='15.0' pattern='hatchUp'/>
  <wall id='wall11' wallAtStart='wall10' wallAtEnd='wall12' xStart='1079.7714' yStart='574.9472' xEnd='1079.7714' yEnd='805.77655' height='250.0' thickness='15.0' pattern='hatchUp'/>
  <wall id='wall12' wallAtStart='wall11' wallAtEnd='wall7' xStart='1079.7714' yStart='805.77655' xEnd='900.2391' yEnd='805.77655' height='250.0' thickness='25.0' pattern='hatchUp'/>
  <wall id='wall13' wallAtEnd='wall14' xStart='1035.7714' yStart='805.77655' xEnd='1387.2714' yEnd='805.77655' height='250.0' thickness='25.0' pattern='hatchUp'/>
  <wall id='wall14' wallAtStart='wall13' xStart='1387.2714' yStart='805.77655' xEnd='1387.2714' yEnd='572.77655' height='250.0' thickness='30.0' pattern='hatchUp'/>
  <wall id='wall15' wallAtEnd='wall3' xStart='884.607' yStart='196.54422' xEnd='386.29538' yEnd='196.54422' height='250.0' thickness='30.0' pattern='hatchUp'/>
  <wall id='wall16' wallAtStart='wall2' xStart='564.4178' yStart='685.8131' xEnd='907.4178' yEnd='685.8131' height='250.0' thickness='25.0' pattern='hatchUp'/>
  <wall id='wall17' xStart='1588.9053' yStart='200.71414' xEnd='1588.9053' yEnd='275.7144' height='250.0' thickness='30.0' pattern='hatchUp'/>
  <wall id='wall18' xStart='1588.4183' yStart='614.8905' xEnd='1588.4183' yEnd='714.8905' height='250.0' thickness='30.0' pattern='hatchUp'/>
  <wall id='wall19' xStart='1603.5039' yStart='186.21904' xEnd='857.5039' yEnd='186.21904' height='250.0' thickness='30.0' pattern='hatchUp'/>
  <wall id='wall20' xStart='857.1428' yStart='195.41183' xEnd='907.1428' yEnd='195.41183' height='250.0' thickness='50.0' pattern='hatchUp'/>
  <wall id='wall21' xStart='350.08807' yStart='697.2687' xEnd='400.08807' yEnd='697.2687' height='250.0' thickness='50.0' pattern='hatchUp'/>
  <wall id='wall22' xStart='350.9364' yStart='196.34235' xEnd='400.9364' yEnd='196.34235' height='250.0' thickness='50.0' pattern='hatchUp'/>
</home>